"D:/Documents/Prepa/TIPE/data/MASATI-v2/ship/s0257.png,139,181,318,353"
"D:/Documents/Prepa/TIPE/data/MASATI-v2/ship/s0258.png,34,55,163,191"
"D:/Documents/Prepa/TIPE/data/MASATI-v2/ship/s0259.png,60,80,201,224"
"D:/Documents/Prepa/TIPE/data/MASATI-v2/ship/s0260.png,404,415,62,91"
"D:/Documents/Prepa/TIPE/data/MASATI-v2/ship/s0261.png,42,54,31,46"
"D:/Documents/Prepa/TIPE/data/MASATI-v2/ship/s0262.png,25,36,97,118"
"D:/Documents/Prepa/TIPE/data/MASATI-v2/ship/s0263.png,14,29,94,117"
"D:/Documents/Prepa/TIPE/data/MASATI-v2/ship/s0264.png,3,21,4,26"
"D:/Documents/Prepa/TIPE/data/MASATI-v2/ship/s0265.png,39,49,8,31"
"D:/Documents/Prepa/TIPE/data/MASATI-v2/ship/s0266.png,165,174,133,150"
"D:/Documents/Prepa/TIPE/data/MASATI-v2/ship/s0267.png,123,145,289,309"
"D:/Documents/Prepa/TIPE/data/MASATI-v2/ship/s0268.png,436,460,445,463"
"D:/Documents/Prepa/TIPE/data/MASATI-v2/ship/s0269.png,52,78,28,55"
"D:/Documents/Prepa/TIPE/data/MASATI-v2/ship/s0270.png,30,44,86,111"
"D:/Documents/Prepa/TIPE/data/MASATI-v2/ship/s0271.png,21,36,7,31"
"D:/Documents/Prepa/TIPE/data/MASATI-v2/ship/s0272.png,262,275,339,353"
"D:/Documents/Prepa/TIPE/data/MASATI-v2/ship/s0273.png,477,494,157,171"
"D:/Documents/Prepa/TIPE/data/MASATI-v2/ship/s0274.png,358,384,116,159"
"D:/Documents/Prepa/TIPE/data/MASATI-v2/ship/s0275.png,470,497,394,424"
"D:/Documents/Prepa/TIPE/data/MASATI-v2/ship/s0276.png,374,454,86,117"
"D:/Documents/Prepa/TIPE/data/MASATI-v2/ship/s0277.png,318,345,462,502"
"D:/Documents/Prepa/TIPE/data/MASATI-v2/ship/s0278.png,394,418,53,72"
"D:/Documents/Prepa/TIPE/data/MASATI-v2/ship/s0279.png,420,467,8,59"
"D:/Documents/Prepa/TIPE/data/MASATI-v2/ship/s0280.png,349,374,306,359"
"D:/Documents/Prepa/TIPE/data/MASATI-v2/ship/s0281.png,481,498,47,95"
"D:/Documents/Prepa/TIPE/data/MASATI-v2/ship/s0282.png,475,494,183,196"
"D:/Documents/Prepa/TIPE/data/MASATI-v2/ship/s0283.png,365,384,253,275"
"D:/Documents/Prepa/TIPE/data/MASATI-v2/ship/s0284.png,486,500,53,75"
"D:/Documents/Prepa/TIPE/data/MASATI-v2/ship/s0285.png,401,422,477,494"
"D:/Documents/Prepa/TIPE/data/MASATI-v2/ship/s0286.png,56,65,232,249"
"D:/Documents/Prepa/TIPE/data/MASATI-v2/ship/s0287.png,1,12,229,247"
"D:/Documents/Prepa/TIPE/data/MASATI-v2/ship/s0288.png,491,507,19,36"
"D:/Documents/Prepa/TIPE/data/MASATI-v2/ship/s0289.png,463,491,38,56"
"D:/Documents/Prepa/TIPE/data/MASATI-v2/ship/s0290.png,377,422,323,380"
"D:/Documents/Prepa/TIPE/data/MASATI-v2/ship/s0291.png,119,143,442,459"
"D:/Documents/Prepa/TIPE/data/MASATI-v2/ship/s0292.png,143,166,460,487"
"D:/Documents/Prepa/TIPE/data/MASATI-v2/ship/s0293.png,365,387,321,354"
"D:/Documents/Prepa/TIPE/data/MASATI-v2/ship/s0294.png,396,415,284,309"
"D:/Documents/Prepa/TIPE/data/MASATI-v2/ship/s0295.png,96,121,404,420"
"D:/Documents/Prepa/TIPE/data/MASATI-v2/ship/s0296.png,445,453,77,89"
"D:/Documents/Prepa/TIPE/data/MASATI-v2/ship/s0297.png,44,53,318,331"
"D:/Documents/Prepa/TIPE/data/MASATI-v2/ship/s0298.png,78,89,369,382"
"D:/Documents/Prepa/TIPE/data/MASATI-v2/ship/s0299.png,2,20,159,187"
"D:/Documents/Prepa/TIPE/data/MASATI-v2/ship/s0300.png,441,458,423,443"
"D:/Documents/Prepa/TIPE/data/MASATI-v2/ship/s0301.png,451,467,449,465"
"D:/Documents/Prepa/TIPE/data/MASATI-v2/ship/s0302.png,115,206,15,42"
"D:/Documents/Prepa/TIPE/data/MASATI-v2/ship/s0303.png,141,246,168,198"
"D:/Documents/Prepa/TIPE/data/MASATI-v2/ship/s0304.png,232,278,341,399"
"D:/Documents/Prepa/TIPE/data/MASATI-v2/ship/s0305.png,274,285,158,171"
"D:/Documents/Prepa/TIPE/data/MASATI-v2/ship/s0306.png,465,480,66,75"
"D:/Documents/Prepa/TIPE/data/MASATI-v2/ship/s0307.png,331,346,301,325"
"D:/Documents/Prepa/TIPE/data/MASATI-v2/ship/s0308.png,178,199,46,63"
"D:/Documents/Prepa/TIPE/data/MASATI-v2/ship/s0309.png,395,434,215,252"
"D:/Documents/Prepa/TIPE/data/MASATI-v2/ship/s0310.png,72,89,378,421"
"D:/Documents/Prepa/TIPE/data/MASATI-v2/ship/s0311.png,361,377,203,220"
"D:/Documents/Prepa/TIPE/data/MASATI-v2/ship/s0312.png,293,305,210,221"
"D:/Documents/Prepa/TIPE/data/MASATI-v2/ship/s0313.png,284,294,445,454"
"D:/Documents/Prepa/TIPE/data/MASATI-v2/ship/s0314.png,198,205,28,38"
"D:/Documents/Prepa/TIPE/data/MASATI-v2/ship/s0315.png,280,291,184,196"
"D:/Documents/Prepa/TIPE/data/MASATI-v2/ship/s0316.png,278,287,255,264"
"D:/Documents/Prepa/TIPE/data/MASATI-v2/ship/s0317.png,377,386,399,411"
"D:/Documents/Prepa/TIPE/data/MASATI-v2/ship/s0318.png,184,212,352,373"
"D:/Documents/Prepa/TIPE/data/MASATI-v2/ship/s0319.png,211,260,294,324"
"D:/Documents/Prepa/TIPE/data/MASATI-v2/ship/s0320.png,207,263,223,254"
"D:/Documents/Prepa/TIPE/data/MASATI-v2/ship/s0321.png,309,337,331,344"
"D:/Documents/Prepa/TIPE/data/MASATI-v2/ship/s0322.png,355,391,273,290"
"D:/Documents/Prepa/TIPE/data/MASATI-v2/ship/s0323.png,356,386,238,270"
"D:/Documents/Prepa/TIPE/data/MASATI-v2/ship/s0324.png,440,455,395,409"
"D:/Documents/Prepa/TIPE/data/MASATI-v2/ship/s0325.png,462,491,203,222"
"D:/Documents/Prepa/TIPE/data/MASATI-v2/ship/s0326.png,125,147,256,275"
"D:/Documents/Prepa/TIPE/data/MASATI-v2/ship/s0327.png,214,224,160,169"
"D:/Documents/Prepa/TIPE/data/MASATI-v2/ship/s0328.png,133,144,377,386"
"D:/Documents/Prepa/TIPE/data/MASATI-v2/ship/s0329.png,277,285,115,125"
"D:/Documents/Prepa/TIPE/data/MASATI-v2/ship/s0330.png,352,362,472,481"
"D:/Documents/Prepa/TIPE/data/MASATI-v2/ship/s0331.png,401,411,83,90"
"D:/Documents/Prepa/TIPE/data/MASATI-v2/ship/s0332.png,432,449,218,235"
"D:/Documents/Prepa/TIPE/data/MASATI-v2/ship/s0333.png,360,375,313,328"
"D:/Documents/Prepa/TIPE/data/MASATI-v2/ship/s0334.png,191,234,107,132"
"D:/Documents/Prepa/TIPE/data/MASATI-v2/ship/s0335.png,169,232,83,119"
"D:/Documents/Prepa/TIPE/data/MASATI-v2/ship/s0336.png,136,176,304,325"
"D:/Documents/Prepa/TIPE/data/MASATI-v2/ship/s0337.png,97,158,375,399"
"D:/Documents/Prepa/TIPE/data/MASATI-v2/ship/s0338.png,234,269,92,109"
"D:/Documents/Prepa/TIPE/data/MASATI-v2/ship/s0339.png,132,174,91,113"
"D:/Documents/Prepa/TIPE/data/MASATI-v2/ship/s0340.png,167,184,214,227"
"D:/Documents/Prepa/TIPE/data/MASATI-v2/ship/s0341.png,356,375,294,311"
"D:/Documents/Prepa/TIPE/data/MASATI-v2/ship/s0342.png,183,195,165,176"
"D:/Documents/Prepa/TIPE/data/MASATI-v2/ship/s0343.png,378,403,308,322"
"D:/Documents/Prepa/TIPE/data/MASATI-v2/ship/s0344.png,135,166,26,52"
"D:/Documents/Prepa/TIPE/data/MASATI-v2/ship/s0345.png,81,94,96,111"
"D:/Documents/Prepa/TIPE/data/MASATI-v2/ship/s0346.png,324,353,99,115"
"D:/Documents/Prepa/TIPE/data/MASATI-v2/ship/s0347.png,98,108,120,132"
"D:/Documents/Prepa/TIPE/data/MASATI-v2/ship/s0348.png,141,174,56,87"
"D:/Documents/Prepa/TIPE/data/MASATI-v2/ship/s0349.png,44,71,201,239"
"D:/Documents/Prepa/TIPE/data/MASATI-v2/ship/s0350.png,59,97,289,325"
"D:/Documents/Prepa/TIPE/data/MASATI-v2/ship/s0351.png,30,72,282,315"
"D:/Documents/Prepa/TIPE/data/MASATI-v2/ship/s0352.png,104,165,171,206"
"D:/Documents/Prepa/TIPE/data/MASATI-v2/ship/s0353.png,55,77,435,470"
"D:/Documents/Prepa/TIPE/data/MASATI-v2/ship/s0354.png,16,46,415,439"
"D:/Documents/Prepa/TIPE/data/MASATI-v2/ship/s0355.png,82,112,236,258"
"D:/Documents/Prepa/TIPE/data/MASATI-v2/ship/s0356.png,304,353,356,387"
"D:/Documents/Prepa/TIPE/data/MASATI-v2/ship/s0357.png,83,101,288,304"
"D:/Documents/Prepa/TIPE/data/MASATI-v2/ship/s0358.png,394,411,43,57"
"D:/Documents/Prepa/TIPE/data/MASATI-v2/ship/s0359.png,24,37,102,117"
"D:/Documents/Prepa/TIPE/data/MASATI-v2/ship/s0360.png,24,49,475,500"
"D:/Documents/Prepa/TIPE/data/MASATI-v2/ship/s0361.png,136,160,465,489"
"D:/Documents/Prepa/TIPE/data/MASATI-v2/ship/s0362.png,122,159,468,492"
"D:/Documents/Prepa/TIPE/data/MASATI-v2/ship/s0363.png,390,420,454,477"
"D:/Documents/Prepa/TIPE/data/MASATI-v2/ship/s0364.png,1,22,25,45"
"D:/Documents/Prepa/TIPE/data/MASATI-v2/ship/s0365.png,15,63,125,166"
"D:/Documents/Prepa/TIPE/data/MASATI-v2/ship/s0366.png,365,387,201,239"
"D:/Documents/Prepa/TIPE/data/MASATI-v2/ship/s0367.png,27,47,246,275"
"D:/Documents/Prepa/TIPE/data/MASATI-v2/ship/s0368.png,18,32,461,470"
"D:/Documents/Prepa/TIPE/data/MASATI-v2/ship/s0369.png,16,28,468,480"
"D:/Documents/Prepa/TIPE/data/MASATI-v2/ship/s0370.png,12,25,396,408"
"D:/Documents/Prepa/TIPE/data/MASATI-v2/ship/s0371.png,189,208,306,331"
"D:/Documents/Prepa/TIPE/data/MASATI-v2/ship/s0372.png,79,97,269,288"
"D:/Documents/Prepa/TIPE/data/MASATI-v2/ship/s0373.png,456,485,472,489"
"D:/Documents/Prepa/TIPE/data/MASATI-v2/ship/s0374.png,447,460,454,466"
"D:/Documents/Prepa/TIPE/data/MASATI-v2/ship/s0375.png,483,496,39,50"
"D:/Documents/Prepa/TIPE/data/MASATI-v2/ship/s0376.png,477,491,210,221"
"D:/Documents/Prepa/TIPE/data/MASATI-v2/ship/s0377.png,81,105,360,381"
"D:/Documents/Prepa/TIPE/data/MASATI-v2/ship/s0378.png,114,123,14,22"
"D:/Documents/Prepa/TIPE/data/MASATI-v2/ship/s0379.png,485,496,41,49"
"D:/Documents/Prepa/TIPE/data/MASATI-v2/ship/s0380.png,185,200,28,42"
"D:/Documents/Prepa/TIPE/data/MASATI-v2/ship/s0381.png,203,218,17,30"
"D:/Documents/Prepa/TIPE/data/MASATI-v2/ship/s0382.png,339,356,3,18"
"D:/Documents/Prepa/TIPE/data/MASATI-v2/ship/s0383.png,66,93,183,205"
"D:/Documents/Prepa/TIPE/data/MASATI-v2/ship/s0384.png,250,270,202,225"
"D:/Documents/Prepa/TIPE/data/MASATI-v2/ship/s0385.png,179,249,448,480"
"D:/Documents/Prepa/TIPE/data/MASATI-v2/ship/s0386.png,97,109,237,250"
"D:/Documents/Prepa/TIPE/data/MASATI-v2/ship/s0387.png,439,481,325,386"
"D:/Documents/Prepa/TIPE/data/MASATI-v2/ship/s0388.png,396,418,143,190"
"D:/Documents/Prepa/TIPE/data/MASATI-v2/ship/s0389.png,139,154,91,108"
"D:/Documents/Prepa/TIPE/data/MASATI-v2/ship/s0390.png,481,494,165,175"
"D:/Documents/Prepa/TIPE/data/MASATI-v2/ship/s0391.png,463,476,28,42"
"D:/Documents/Prepa/TIPE/data/MASATI-v2/ship/s0392.png,461,477,13,32"
"D:/Documents/Prepa/TIPE/data/MASATI-v2/ship/s0393.png,460,477,4,15"
"D:/Documents/Prepa/TIPE/data/MASATI-v2/ship/s0394.png,298,319,204,217"
"D:/Documents/Prepa/TIPE/data/MASATI-v2/ship/s0395.png,452,474,390,408"
"D:/Documents/Prepa/TIPE/data/MASATI-v2/ship/s0396.png,423,438,397,412"
"D:/Documents/Prepa/TIPE/data/MASATI-v2/ship/s0397.png,94,109,80,100"
"D:/Documents/Prepa/TIPE/data/MASATI-v2/ship/s0398.png,446,479,151,183"
"D:/Documents/Prepa/TIPE/data/MASATI-v2/ship/s0399.png,135,161,308,332"
"D:/Documents/Prepa/TIPE/data/MASATI-v2/ship/s0400.png,252,268,222,250"
"D:/Documents/Prepa/TIPE/data/MASATI-v2/ship/s0401.png,335,345,383,404"
"D:/Documents/Prepa/TIPE/data/MASATI-v2/ship/s0402.png,337,353,466,474"
"D:/Documents/Prepa/TIPE/data/MASATI-v2/ship/s0403.png,126,136,49,62"
"D:/Documents/Prepa/TIPE/data/MASATI-v2/ship/s0404.png,6,19,182,197"
"D:/Documents/Prepa/TIPE/data/MASATI-v2/ship/s0405.png,483,496,39,52"
"D:/Documents/Prepa/TIPE/data/MASATI-v2/ship/s0406.png,241,259,233,242"
"D:/Documents/Prepa/TIPE/data/MASATI-v2/ship/s0407.png,150,168,265,279"
"D:/Documents/Prepa/TIPE/data/MASATI-v2/ship/s0408.png,90,102,32,52"
"D:/Documents/Prepa/TIPE/data/MASATI-v2/ship/s0409.png,118,133,428,443"
"D:/Documents/Prepa/TIPE/data/MASATI-v2/ship/s0410.png,452,470,444,470"
"D:/Documents/Prepa/TIPE/data/MASATI-v2/ship/s0411.png,141,152,163,190"
"D:/Documents/Prepa/TIPE/data/MASATI-v2/ship/s0412.png,332,352,374,387"
"D:/Documents/Prepa/TIPE/data/MASATI-v2/ship/s0413.png,456,475,48,66"
"D:/Documents/Prepa/TIPE/data/MASATI-v2/ship/s0414.png,246,265,12,30"
"D:/Documents/Prepa/TIPE/data/MASATI-v2/ship/s0415.png,332,344,202,217"
"D:/Documents/Prepa/TIPE/data/MASATI-v2/ship/s0416.png,352,367,207,218"
"D:/Documents/Prepa/TIPE/data/MASATI-v2/ship/s0417.png,398,408,186,197"
"D:/Documents/Prepa/TIPE/data/MASATI-v2/ship/s0418.png,229,239,242,252"
"D:/Documents/Prepa/TIPE/data/MASATI-v2/ship/s0419.png,220,230,185,197"
"D:/Documents/Prepa/TIPE/data/MASATI-v2/ship/s0420.png,183,202,13,29"
"D:/Documents/Prepa/TIPE/data/MASATI-v2/ship/s0421.png,20,52,242,300"
"D:/Documents/Prepa/TIPE/data/MASATI-v2/ship/s0422.png,20,61,152,193"
"D:/Documents/Prepa/TIPE/data/MASATI-v2/ship/s0423.png,444,460,76,98"
"D:/Documents/Prepa/TIPE/data/MASATI-v2/ship/s0424.png,485,508,57,108"
"D:/Documents/Prepa/TIPE/data/MASATI-v2/ship/s0425.png,470,491,456,477"
"D:/Documents/Prepa/TIPE/data/MASATI-v2/ship/s0426.png,398,419,46,101"
"D:/Documents/Prepa/TIPE/data/MASATI-v2/ship/s0427.png,335,351,1,42"
"D:/Documents/Prepa/TIPE/data/MASATI-v2/ship/s0428.png,434,460,13,61"
"D:/Documents/Prepa/TIPE/data/MASATI-v2/ship/s0429.png,143,180,246,285"
"D:/Documents/Prepa/TIPE/data/MASATI-v2/ship/s0430.png,178,232,212,258"
"D:/Documents/Prepa/TIPE/data/MASATI-v2/ship/s0431.png,184,221,143,190"
"D:/Documents/Prepa/TIPE/data/MASATI-v2/ship/s0432.png,39,73,338,377"
"D:/Documents/Prepa/TIPE/data/MASATI-v2/ship/s0433.png,199,220,312,342"
"D:/Documents/Prepa/TIPE/data/MASATI-v2/ship/s0434.png,76,96,185,272"
"D:/Documents/Prepa/TIPE/data/MASATI-v2/ship/s0435.png,290,312,194,214"
"D:/Documents/Prepa/TIPE/data/MASATI-v2/ship/s0436.png,28,56,276,303"
"D:/Documents/Prepa/TIPE/data/MASATI-v2/ship/s0437.png,81,125,350,423"
"D:/Documents/Prepa/TIPE/data/MASATI-v2/ship/s0438.png,275,287,300,316"
"D:/Documents/Prepa/TIPE/data/MASATI-v2/ship/s0439.png,379,390,245,268"
"D:/Documents/Prepa/TIPE/data/MASATI-v2/ship/s0440.png,272,284,252,263"
"D:/Documents/Prepa/TIPE/data/MASATI-v2/ship/s0441.png,406,420,295,311"
"D:/Documents/Prepa/TIPE/data/MASATI-v2/ship/s0442.png,463,484,304,320"
"D:/Documents/Prepa/TIPE/data/MASATI-v2/ship/s0443.png,154,184,406,421"
"D:/Documents/Prepa/TIPE/data/MASATI-v2/ship/s0444.png,271,303,173,201"
"D:/Documents/Prepa/TIPE/data/MASATI-v2/ship/s0445.png,260,274,469,483"
"D:/Documents/Prepa/TIPE/data/MASATI-v2/ship/s0446.png,29,85,78,127"
"D:/Documents/Prepa/TIPE/data/MASATI-v2/ship/s0447.png,194,249,211,257"
"D:/Documents/Prepa/TIPE/data/MASATI-v2/ship/s0448.png,271,291,436,452"
"D:/Documents/Prepa/TIPE/data/MASATI-v2/ship/s0449.png,259,281,299,320"
"D:/Documents/Prepa/TIPE/data/MASATI-v2/ship/s0450.png,235,249,483,491"
"D:/Documents/Prepa/TIPE/data/MASATI-v2/ship/s0451.png,243,256,469,480"
"D:/Documents/Prepa/TIPE/data/MASATI-v2/ship/s0452.png,146,177,18,33"
"D:/Documents/Prepa/TIPE/data/MASATI-v2/ship/s0453.png,136,150,18,28"
"D:/Documents/Prepa/TIPE/data/MASATI-v2/ship/s0454.png,170,188,203,220"
"D:/Documents/Prepa/TIPE/data/MASATI-v2/ship/s0455.png,418,431,280,295"
"D:/Documents/Prepa/TIPE/data/MASATI-v2/ship/s0456.png,460,472,20,35"
"D:/Documents/Prepa/TIPE/data/MASATI-v2/ship/s0457.png,27,42,33,61"
"D:/Documents/Prepa/TIPE/data/MASATI-v2/ship/s0458.png,319,338,392,409"
"D:/Documents/Prepa/TIPE/data/MASATI-v2/ship/s0459.png,424,449,358,388"
"D:/Documents/Prepa/TIPE/data/MASATI-v2/ship/s0460.png,315,355,470,495"
"D:/Documents/Prepa/TIPE/data/MASATI-v2/ship/s0461.png,465,500,272,311"
"D:/Documents/Prepa/TIPE/data/MASATI-v2/ship/s0462.png,394,442,394,465"
"D:/Documents/Prepa/TIPE/data/MASATI-v2/ship/s0463.png,70,84,278,293"
"D:/Documents/Prepa/TIPE/data/MASATI-v2/ship/s0464.png,405,415,105,114"
"D:/Documents/Prepa/TIPE/data/MASATI-v2/ship/s0465.png,421,429,33,41"
"D:/Documents/Prepa/TIPE/data/MASATI-v2/ship/s0466.png,375,386,77,89"
"D:/Documents/Prepa/TIPE/data/MASATI-v2/ship/s0467.png,441,453,177,190"
"D:/Documents/Prepa/TIPE/data/MASATI-v2/ship/s0468.png,13,25,25,47"
"D:/Documents/Prepa/TIPE/data/MASATI-v2/ship/s0469.png,299,332,175,200"
"D:/Documents/Prepa/TIPE/data/MASATI-v2/ship/s0470.png,463,476,257,272"
"D:/Documents/Prepa/TIPE/data/MASATI-v2/ship/s0471.png,174,192,46,78"
"D:/Documents/Prepa/TIPE/data/MASATI-v2/ship/s0472.png,98,110,59,80"
"D:/Documents/Prepa/TIPE/data/MASATI-v2/ship/s0473.png,206,274,171,280"
"D:/Documents/Prepa/TIPE/data/MASATI-v2/ship/s0474.png,439,468,429,465"
"D:/Documents/Prepa/TIPE/data/MASATI-v2/ship/s0475.png,25,47,401,428"
"D:/Documents/Prepa/TIPE/data/MASATI-v2/ship/s0476.png,287,300,20,34"
"D:/Documents/Prepa/TIPE/data/MASATI-v2/ship/s0477.png,100,130,70,88"
"D:/Documents/Prepa/TIPE/data/MASATI-v2/ship/s0478.png,298,321,45,70"
"D:/Documents/Prepa/TIPE/data/MASATI-v2/ship/s0479.png,172,183,216,231"
"D:/Documents/Prepa/TIPE/data/MASATI-v2/ship/s0480.png,250,261,101,113"
"D:/Documents/Prepa/TIPE/data/MASATI-v2/ship/s0481.png,298,318,373,391"
"D:/Documents/Prepa/TIPE/data/MASATI-v2/ship/s0482.png,107,126,64,82"
"D:/Documents/Prepa/TIPE/data/MASATI-v2/ship/s0483.png,316,325,238,245"
"D:/Documents/Prepa/TIPE/data/MASATI-v2/ship/s0484.png,12,24,30,40"
"D:/Documents/Prepa/TIPE/data/MASATI-v2/ship/s0485.png,257,267,192,205"
"D:/Documents/Prepa/TIPE/data/MASATI-v2/ship/s0486.png,391,405,199,212"
"D:/Documents/Prepa/TIPE/data/MASATI-v2/ship/s0487.png,255,270,341,355"
"D:/Documents/Prepa/TIPE/data/MASATI-v2/ship/s0488.png,398,408,421,435"
"D:/Documents/Prepa/TIPE/data/MASATI-v2/ship/s0489.png,124,139,313,328"
"D:/Documents/Prepa/TIPE/data/MASATI-v2/ship/s0490.png,435,447,150,166"
"D:/Documents/Prepa/TIPE/data/MASATI-v2/ship/s0491.png,256,279,101,126"
"D:/Documents/Prepa/TIPE/data/MASATI-v2/ship/s0492.png,168,212,415,449"
"D:/Documents/Prepa/TIPE/data/MASATI-v2/ship/s0493.png,345,373,314,332"
"D:/Documents/Prepa/TIPE/data/MASATI-v2/ship/s0494.png,352,370,478,493"
"D:/Documents/Prepa/TIPE/data/MASATI-v2/ship/s0495.png,340,355,35,47"
"D:/Documents/Prepa/TIPE/data/MASATI-v2/ship/s0496.png,121,139,105,117"
"D:/Documents/Prepa/TIPE/data/MASATI-v2/ship/s0497.png,206,235,168,204"
"D:/Documents/Prepa/TIPE/data/MASATI-v2/ship/s0498.png,309,347,203,229"
"D:/Documents/Prepa/TIPE/data/MASATI-v2/ship/s0499.png,319,338,199,216"
"D:/Documents/Prepa/TIPE/data/MASATI-v2/ship/s0500.png,343,356,228,249"
"D:/Documents/Prepa/TIPE/data/MASATI-v2/ship/s0501.png,272,293,217,232"
"D:/Documents/Prepa/TIPE/data/MASATI-v2/ship/s0502.png,184,198,115,144"
"D:/Documents/Prepa/TIPE/data/MASATI-v2/ship/s0503.png,333,374,198,229"
"D:/Documents/Prepa/TIPE/data/MASATI-v2/ship/s0504.png,179,219,83,107"
"D:/Documents/Prepa/TIPE/data/MASATI-v2/ship/s0505.png,38,86,332,385"
"D:/Documents/Prepa/TIPE/data/MASATI-v2/ship/s0506.png,405,431,242,271"
"D:/Documents/Prepa/TIPE/data/MASATI-v2/ship/s0507.png,168,187,238,252"
"D:/Documents/Prepa/TIPE/data/MASATI-v2/ship/s0508.png,393,416,28,43"
"D:/Documents/Prepa/TIPE/data/MASATI-v2/ship/s0509.png,92,110,219,255"
"D:/Documents/Prepa/TIPE/data/MASATI-v2/ship/s0510.png,338,398,117,169"
"D:/Documents/Prepa/TIPE/data/MASATI-v2/ship/s0511.png,46,78,431,457"
"D:/Documents/Prepa/TIPE/data/MASATI-v2/ship/s0512.png,80,101,465,492"
"D:/Documents/Prepa/TIPE/data/MASATI-v2/ship/s0513.png,18,46,437,469"
"D:/Documents/Prepa/TIPE/data/MASATI-v2/ship/s0514.png,55,70,423,444"
"D:/Documents/Prepa/TIPE/data/MASATI-v2/ship/s0515.png,29,41,259,283"
"D:/Documents/Prepa/TIPE/data/MASATI-v2/ship/s0516.png,181,196,265,304"
"D:/Documents/Prepa/TIPE/data/MASATI-v2/ship/s0517.png,226,270,304,337"
"D:/Documents/Prepa/TIPE/data/MASATI-v2/ship/s0518.png,132,165,251,287"
"D:/Documents/Prepa/TIPE/data/MASATI-v2/ship/s0519.png,374,398,56,77"
"D:/Documents/Prepa/TIPE/data/MASATI-v2/ship/s0520.png,90,143,392,427"
"D:/Documents/Prepa/TIPE/data/MASATI-v2/ship/s0521.png,101,121,153,170"
"D:/Documents/Prepa/TIPE/data/MASATI-v2/ship/s0522.png,177,224,385,426"
"D:/Documents/Prepa/TIPE/data/MASATI-v2/ship/s0523.png,129,145,203,220"
"D:/Documents/Prepa/TIPE/data/MASATI-v2/ship/s0524.png,218,232,121,135"
"D:/Documents/Prepa/TIPE/data/MASATI-v2/ship/s0525.png,141,155,94,111"
"D:/Documents/Prepa/TIPE/data/MASATI-v2/ship/s0526.png,297,322,395,415"
"D:/Documents/Prepa/TIPE/data/MASATI-v2/ship/s0527.png,290,321,342,374"
"D:/Documents/Prepa/TIPE/data/MASATI-v2/ship/s0528.png,225,247,332,346"
"D:/Documents/Prepa/TIPE/data/MASATI-v2/ship/s0529.png,378,484,31,235"
"D:/Documents/Prepa/TIPE/data/MASATI-v2/ship/s0530.png,274,289,246,261"
"D:/Documents/Prepa/TIPE/data/MASATI-v2/ship/s0531.png,44,76,382,401"
"D:/Documents/Prepa/TIPE/data/MASATI-v2/ship/s0532.png,391,429,418,442"
"D:/Documents/Prepa/TIPE/data/MASATI-v2/ship/s0533.png,192,231,341,367"
"D:/Documents/Prepa/TIPE/data/MASATI-v2/ship/s0534.png,362,384,128,160"
"D:/Documents/Prepa/TIPE/data/MASATI-v2/ship/s0535.png,280,322,343,399"
"D:/Documents/Prepa/TIPE/data/MASATI-v2/ship/s0536.png,241,282,395,435"
"D:/Documents/Prepa/TIPE/data/MASATI-v2/ship/s0537.png,322,362,149,180"
"D:/Documents/Prepa/TIPE/data/MASATI-v2/ship/s0538.png,246,284,238,266"
"D:/Documents/Prepa/TIPE/data/MASATI-v2/ship/s0539.png,423,459,148,181"
"D:/Documents/Prepa/TIPE/data/MASATI-v2/ship/s0540.png,84,129,187,229"
"D:/Documents/Prepa/TIPE/data/MASATI-v2/ship/s0541.png,309,338,273,303"
"D:/Documents/Prepa/TIPE/data/MASATI-v2/ship/s0542.png,363,387,134,179"
"D:/Documents/Prepa/TIPE/data/MASATI-v2/ship/s0543.png,443,460,170,197"
"D:/Documents/Prepa/TIPE/data/MASATI-v2/ship/s0544.png,352,373,374,390"
"D:/Documents/Prepa/TIPE/data/MASATI-v2/ship/s0545.png,379,415,80,98"
"D:/Documents/Prepa/TIPE/data/MASATI-v2/ship/s0546.png,405,423,90,113"
"D:/Documents/Prepa/TIPE/data/MASATI-v2/ship/s0547.png,81,112,263,281"
"D:/Documents/Prepa/TIPE/data/MASATI-v2/ship/s0548.png,89,142,209,235"
"D:/Documents/Prepa/TIPE/data/MASATI-v2/ship/s0549.png,366,400,153,216"
"D:/Documents/Prepa/TIPE/data/MASATI-v2/ship/s0550.png,285,313,73,94"
"D:/Documents/Prepa/TIPE/data/MASATI-v2/ship/s0551.png,226,268,59,85"
"D:/Documents/Prepa/TIPE/data/MASATI-v2/ship/s0552.png,197,229,31,54"
"D:/Documents/Prepa/TIPE/data/MASATI-v2/ship/s0553.png,360,382,270,290"
"D:/Documents/Prepa/TIPE/data/MASATI-v2/ship/s0554.png,284,336,137,170"
"D:/Documents/Prepa/TIPE/data/MASATI-v2/ship/s0555.png,110,158,256,284"
"D:/Documents/Prepa/TIPE/data/MASATI-v2/ship/s0556.png,363,384,68,90"
"D:/Documents/Prepa/TIPE/data/MASATI-v2/ship/s0557.png,314,340,206,228"
"D:/Documents/Prepa/TIPE/data/MASATI-v2/ship/s0558.png,374,396,220,240"
"D:/Documents/Prepa/TIPE/data/MASATI-v2/ship/s0559.png,207,277,229,313"
"D:/Documents/Prepa/TIPE/data/MASATI-v2/ship/s0560.png,303,323,115,134"
"D:/Documents/Prepa/TIPE/data/MASATI-v2/ship/s0561.png,355,445,318,367"
"D:/Documents/Prepa/TIPE/data/MASATI-v2/ship/s0562.png,315,356,435,485"
"D:/Documents/Prepa/TIPE/data/MASATI-v2/ship/s0563.png,12,84,8,46"
"D:/Documents/Prepa/TIPE/data/MASATI-v2/ship/s0564.png,136,165,182,236"
"D:/Documents/Prepa/TIPE/data/MASATI-v2/ship/s0565.png,17,46,458,497"
"D:/Documents/Prepa/TIPE/data/MASATI-v2/ship/s0566.png,106,124,459,484"
"D:/Documents/Prepa/TIPE/data/MASATI-v2/ship/s0567.png,288,302,10,37"
"D:/Documents/Prepa/TIPE/data/MASATI-v2/ship/s0568.png,20,41,18,39"
"D:/Documents/Prepa/TIPE/data/MASATI-v2/ship/s0569.png,325,337,277,297"
"D:/Documents/Prepa/TIPE/data/MASATI-v2/ship/s0570.png,222,243,325,341"
"D:/Documents/Prepa/TIPE/data/MASATI-v2/ship/s0571.png,252,265,397,416"
"D:/Documents/Prepa/TIPE/data/MASATI-v2/ship/s0572.png,319,332,301,322"
"D:/Documents/Prepa/TIPE/data/MASATI-v2/ship/s0573.png,197,210,314,328"
"D:/Documents/Prepa/TIPE/data/MASATI-v2/ship/s0574.png,189,203,319,330"
"D:/Documents/Prepa/TIPE/data/MASATI-v2/ship/s0575.png,194,215,235,261"
"D:/Documents/Prepa/TIPE/data/MASATI-v2/ship/s0576.png,256,277,274,298"
"D:/Documents/Prepa/TIPE/data/MASATI-v2/ship/s0577.png,99,128,236,259"
"D:/Documents/Prepa/TIPE/data/MASATI-v2/ship/s0578.png,476,498,148,175"
"D:/Documents/Prepa/TIPE/data/MASATI-v2/ship/s0579.png,234,255,312,328"
"D:/Documents/Prepa/TIPE/data/MASATI-v2/ship/s0580.png,128,178,321,348"
"D:/Documents/Prepa/TIPE/data/MASATI-v2/ship/s0581.png,294,307,263,285"
"D:/Documents/Prepa/TIPE/data/MASATI-v2/ship/s0582.png,262,280,204,227"
"D:/Documents/Prepa/TIPE/data/MASATI-v2/ship/s0583.png,285,306,232,250"
"D:/Documents/Prepa/TIPE/data/MASATI-v2/ship/s0584.png,231,244,328,340"
"D:/Documents/Prepa/TIPE/data/MASATI-v2/ship/s0585.png,413,439,188,209"
"D:/Documents/Prepa/TIPE/data/MASATI-v2/ship/s0586.png,367,391,361,384"
"D:/Documents/Prepa/TIPE/data/MASATI-v2/ship/s0587.png,232,248,5,26"
"D:/Documents/Prepa/TIPE/data/MASATI-v2/ship/s0588.png,412,426,197,219"
"D:/Documents/Prepa/TIPE/data/MASATI-v2/ship/s0589.png,291,322,236,262"
"D:/Documents/Prepa/TIPE/data/MASATI-v2/ship/s0590.png,396,431,242,263"
"D:/Documents/Prepa/TIPE/data/MASATI-v2/ship/s0591.png,210,241,240,266"
"D:/Documents/Prepa/TIPE/data/MASATI-v2/ship/s0592.png,112,138,98,128"
"D:/Documents/Prepa/TIPE/data/MASATI-v2/ship/s0593.png,372,392,368,414"
"D:/Documents/Prepa/TIPE/data/MASATI-v2/ship/s0594.png,344,427,146,193"
"D:/Documents/Prepa/TIPE/data/MASATI-v2/ship/s0595.png,276,290,305,315"
"D:/Documents/Prepa/TIPE/data/MASATI-v2/ship/s0596.png,278,364,132,197"
"D:/Documents/Prepa/TIPE/data/MASATI-v2/ship/s0597.png,233,282,129,185"
"D:/Documents/Prepa/TIPE/data/MASATI-v2/ship/s0598.png,273,345,281,313"
"D:/Documents/Prepa/TIPE/data/MASATI-v2/ship/s0599.png,201,230,156,172"
"D:/Documents/Prepa/TIPE/data/MASATI-v2/ship/s0600.png,397,418,296,312"
"D:/Documents/Prepa/TIPE/data/MASATI-v2/ship/s0601.png,432,461,268,284"
"D:/Documents/Prepa/TIPE/data/MASATI-v2/ship/s0602.png,338,358,377,396"
"D:/Documents/Prepa/TIPE/data/MASATI-v2/ship/s0603.png,164,195,334,355"
"D:/Documents/Prepa/TIPE/data/MASATI-v2/ship/s0604.png,63,87,125,162"
"D:/Documents/Prepa/TIPE/data/MASATI-v2/ship/s0605.png,177,193,195,208"
"D:/Documents/Prepa/TIPE/data/MASATI-v2/ship/s0606.png,259,271,362,373"
"D:/Documents/Prepa/TIPE/data/MASATI-v2/ship/s0607.png,66,81,137,164"
"D:/Documents/Prepa/TIPE/data/MASATI-v2/ship/s0608.png,235,259,421,436"
"D:/Documents/Prepa/TIPE/data/MASATI-v2/ship/s0609.png,67,90,252,268"
"D:/Documents/Prepa/TIPE/data/MASATI-v2/ship/s0610.png,144,167,168,189"
"D:/Documents/Prepa/TIPE/data/MASATI-v2/ship/s0611.png,205,221,184,206"
"D:/Documents/Prepa/TIPE/data/MASATI-v2/ship/s0612.png,256,278,132,174"
"D:/Documents/Prepa/TIPE/data/MASATI-v2/ship/s0613.png,121,143,174,193"
"D:/Documents/Prepa/TIPE/data/MASATI-v2/ship/s0614.png,33,53,33,62"
"D:/Documents/Prepa/TIPE/data/MASATI-v2/ship/s0615.png,143,173,290,338"
"D:/Documents/Prepa/TIPE/data/MASATI-v2/ship/s0616.png,238,269,322,347"
"D:/Documents/Prepa/TIPE/data/MASATI-v2/ship/s0617.png,316,357,211,268"
"D:/Documents/Prepa/TIPE/data/MASATI-v2/ship/s0618.png,348,376,39,66"
"D:/Documents/Prepa/TIPE/data/MASATI-v2/ship/s0619.png,244,269,351,374"
"D:/Documents/Prepa/TIPE/data/MASATI-v2/ship/s0620.png,170,190,155,183"
"D:/Documents/Prepa/TIPE/data/MASATI-v2/ship/s0621.png,405,439,363,411"
"D:/Documents/Prepa/TIPE/data/MASATI-v2/ship/s0622.png,310,369,254,305"
"D:/Documents/Prepa/TIPE/data/MASATI-v2/ship/s0623.png,261,270,250,261"
"D:/Documents/Prepa/TIPE/data/MASATI-v2/ship/s0624.png,115,139,111,125"
"D:/Documents/Prepa/TIPE/data/MASATI-v2/ship/s0625.png,177,192,288,308"
"D:/Documents/Prepa/TIPE/data/MASATI-v2/ship/s0626.png,344,360,135,152"
"D:/Documents/Prepa/TIPE/data/MASATI-v2/ship/s0627.png,333,355,186,208"
"D:/Documents/Prepa/TIPE/data/MASATI-v2/ship/s0628.png,187,277,259,297"
"D:/Documents/Prepa/TIPE/data/MASATI-v2/ship/s0629.png,315,375,101,132"
"D:/Documents/Prepa/TIPE/data/MASATI-v2/ship/s0630.png,235,304,171,210"
"D:/Documents/Prepa/TIPE/data/MASATI-v2/ship/s0631.png,278,366,196,233"
"D:/Documents/Prepa/TIPE/data/MASATI-v2/ship/s0632.png,244,297,207,231"
"D:/Documents/Prepa/TIPE/data/MASATI-v2/ship/s0633.png,229,328,210,254"
"D:/Documents/Prepa/TIPE/data/MASATI-v2/ship/s0634.png,263,340,318,338"
"D:/Documents/Prepa/TIPE/data/MASATI-v2/ship/s0635.png,239,356,245,274"
"D:/Documents/Prepa/TIPE/data/MASATI-v2/ship/s0636.png,112,175,258,285"
"D:/Documents/Prepa/TIPE/data/MASATI-v2/ship/s0637.png,442,479,243,277"
"D:/Documents/Prepa/TIPE/data/MASATI-v2/ship/s0638.png,294,342,245,273"
"D:/Documents/Prepa/TIPE/data/MASATI-v2/ship/s0639.png,349,367,183,227"
"D:/Documents/Prepa/TIPE/data/MASATI-v2/ship/s0640.png,248,290,185,243"
"D:/Documents/Prepa/TIPE/data/MASATI-v2/ship/s0641.png,323,369,331,372"
"D:/Documents/Prepa/TIPE/data/MASATI-v2/ship/s0642.png,318,356,273,300"
"D:/Documents/Prepa/TIPE/data/MASATI-v2/ship/s0643.png,215,259,170,187"
"D:/Documents/Prepa/TIPE/data/MASATI-v2/ship/s0644.png,397,417,73,86"
"D:/Documents/Prepa/TIPE/data/MASATI-v2/ship/s0645.png,321,339,206,219"
"D:/Documents/Prepa/TIPE/data/MASATI-v2/ship/s0646.png,283,292,273,285"
"D:/Documents/Prepa/TIPE/data/MASATI-v2/ship/s0647.png,295,364,287,346"
"D:/Documents/Prepa/TIPE/data/MASATI-v2/ship/s0648.png,260,278,82,100"
"D:/Documents/Prepa/TIPE/data/MASATI-v2/ship/s0649.png,420,437,67,89"
"D:/Documents/Prepa/TIPE/data/MASATI-v2/ship/s0650.png,472,489,380,401"
"D:/Documents/Prepa/TIPE/data/MASATI-v2/ship/s0651.png,462,476,154,173"
"D:/Documents/Prepa/TIPE/data/MASATI-v2/ship/s0652.png,165,183,154,174"
"D:/Documents/Prepa/TIPE/data/MASATI-v2/ship/s0653.png,180,191,435,449"
"D:/Documents/Prepa/TIPE/data/MASATI-v2/ship/s0654.png,188,205,297,311"
"D:/Documents/Prepa/TIPE/data/MASATI-v2/ship/s0655.png,61,78,10,35"
"D:/Documents/Prepa/TIPE/data/MASATI-v2/ship/s0656.png,65,97,114,132"
"D:/Documents/Prepa/TIPE/data/MASATI-v2/ship/s0657.png,265,281,348,359"
"D:/Documents/Prepa/TIPE/data/MASATI-v2/ship/s0658.png,198,217,373,389"
"D:/Documents/Prepa/TIPE/data/MASATI-v2/ship/s0659.png,370,403,181,202"
"D:/Documents/Prepa/TIPE/data/MASATI-v2/ship/s0660.png,355,380,261,295"
"D:/Documents/Prepa/TIPE/data/MASATI-v2/ship/s0661.png,109,135,92,123"
"D:/Documents/Prepa/TIPE/data/MASATI-v2/ship/s0662.png,50,67,108,129"
"D:/Documents/Prepa/TIPE/data/MASATI-v2/ship/s0663.png,276,297,342,365"
"D:/Documents/Prepa/TIPE/data/MASATI-v2/ship/s0664.png,147,162,277,301"
"D:/Documents/Prepa/TIPE/data/MASATI-v2/ship/s0665.png,236,260,237,252"
"D:/Documents/Prepa/TIPE/data/MASATI-v2/ship/s0666.png,463,478,228,250"
"D:/Documents/Prepa/TIPE/data/MASATI-v2/ship/s0667.png,203,220,251,270"
"D:/Documents/Prepa/TIPE/data/MASATI-v2/ship/s0668.png,338,363,409,427"
"D:/Documents/Prepa/TIPE/data/MASATI-v2/ship/s0669.png,238,258,204,227"
"D:/Documents/Prepa/TIPE/data/MASATI-v2/ship/s0670.png,200,231,268,282"
"D:/Documents/Prepa/TIPE/data/MASATI-v2/ship/s0671.png,167,182,223,249"
"D:/Documents/Prepa/TIPE/data/MASATI-v2/ship/s0672.png,223,235,323,332"
"D:/Documents/Prepa/TIPE/data/MASATI-v2/ship/s0673.png,193,206,376,385"
"D:/Documents/Prepa/TIPE/data/MASATI-v2/ship/s0674.png,297,315,207,217"
"D:/Documents/Prepa/TIPE/data/MASATI-v2/ship/s0675.png,274,294,373,390"
"D:/Documents/Prepa/TIPE/data/MASATI-v2/ship/s0676.png,249,260,252,262"
"D:/Documents/Prepa/TIPE/data/MASATI-v2/ship/s0677.png,239,263,351,374"
"D:/Documents/Prepa/TIPE/data/MASATI-v2/ship/s0678.png,187,208,351,367"
"D:/Documents/Prepa/TIPE/data/MASATI-v2/ship/s0679.png,288,303,250,266"
"D:/Documents/Prepa/TIPE/data/MASATI-v2/ship/s0680.png,232,243,368,381"
"D:/Documents/Prepa/TIPE/data/MASATI-v2/ship/s0681.png,257,273,471,486"
"D:/Documents/Prepa/TIPE/data/MASATI-v2/ship/s0682.png,307,325,463,481"
"D:/Documents/Prepa/TIPE/data/MASATI-v2/ship/s0683.png,301,324,467,483"
"D:/Documents/Prepa/TIPE/data/MASATI-v2/ship/s0684.png,125,143,428,441"
"D:/Documents/Prepa/TIPE/data/MASATI-v2/ship/s0685.png,156,173,463,483"
"D:/Documents/Prepa/TIPE/data/MASATI-v2/ship/s0686.png,349,363,430,439"
"D:/Documents/Prepa/TIPE/data/MASATI-v2/ship/s0687.png,220,243,211,229"
"D:/Documents/Prepa/TIPE/data/MASATI-v2/ship/s0688.png,156,181,262,276"
"D:/Documents/Prepa/TIPE/data/MASATI-v2/ship/s0689.png,318,367,332,358"
"D:/Documents/Prepa/TIPE/data/MASATI-v2/ship/s0690.png,262,311,401,413"
"D:/Documents/Prepa/TIPE/data/MASATI-v2/ship/s0691.png,470,487,337,381"
"D:/Documents/Prepa/TIPE/data/MASATI-v2/ship/s0692.png,263,319,174,195"
"D:/Documents/Prepa/TIPE/data/MASATI-v2/ship/s0693.png,186,218,344,361"
"D:/Documents/Prepa/TIPE/data/MASATI-v2/ship/s0694.png,71,111,234,253"
"D:/Documents/Prepa/TIPE/data/MASATI-v2/ship/s0695.png,374,404,104,136"
"D:/Documents/Prepa/TIPE/data/MASATI-v2/ship/s0696.png,177,195,173,219"
"D:/Documents/Prepa/TIPE/data/MASATI-v2/ship/s0697.png,289,316,360,377"
"D:/Documents/Prepa/TIPE/data/MASATI-v2/ship/s0698.png,362,387,304,332"
"D:/Documents/Prepa/TIPE/data/MASATI-v2/ship/s0699.png,258,284,246,260"
"D:/Documents/Prepa/TIPE/data/MASATI-v2/ship/s0700.png,267,287,246,274"
"D:/Documents/Prepa/TIPE/data/MASATI-v2/ship/s0701.png,270,293,216,235"
"D:/Documents/Prepa/TIPE/data/MASATI-v2/ship/s0702.png,252,277,206,233"
"D:/Documents/Prepa/TIPE/data/MASATI-v2/ship/s0703.png,425,440,262,279"
"D:/Documents/Prepa/TIPE/data/MASATI-v2/ship/s0704.png,220,234,251,266"
"D:/Documents/Prepa/TIPE/data/MASATI-v2/ship/s0705.png,405,420,237,248"
"D:/Documents/Prepa/TIPE/data/MASATI-v2/ship/s0706.png,220,234,295,309"
"D:/Documents/Prepa/TIPE/data/MASATI-v2/ship/s0707.png,323,336,248,278"
"D:/Documents/Prepa/TIPE/data/MASATI-v2/ship/s0708.png,248,263,228,250"
"D:/Documents/Prepa/TIPE/data/MASATI-v2/ship/s0709.png,223,270,213,249"
"D:/Documents/Prepa/TIPE/data/MASATI-v2/ship/s0710.png,194,227,245,270"
"D:/Documents/Prepa/TIPE/data/MASATI-v2/ship/s0711.png,217,249,240,258"
"D:/Documents/Prepa/TIPE/data/MASATI-v2/ship/s0712.png,226,256,321,346"
"D:/Documents/Prepa/TIPE/data/MASATI-v2/ship/s0713.png,298,313,401,416"
"D:/Documents/Prepa/TIPE/data/MASATI-v2/ship/s0714.png,243,271,199,218"
"D:/Documents/Prepa/TIPE/data/MASATI-v2/ship/s0715.png,256,279,179,197"
"D:/Documents/Prepa/TIPE/data/MASATI-v2/ship/s0716.png,310,353,170,242"
"D:/Documents/Prepa/TIPE/data/MASATI-v2/ship/s0717.png,309,366,297,403"
"D:/Documents/Prepa/TIPE/data/MASATI-v2/ship/s0718.png,123,164,324,378"
"D:/Documents/Prepa/TIPE/data/MASATI-v2/ship/s0719.png,296,328,132,163"
"D:/Documents/Prepa/TIPE/data/MASATI-v2/ship/s0720.png,129,149,48,66"
"D:/Documents/Prepa/TIPE/data/MASATI-v2/ship/s0721.png,157,190,445,472"
"D:/Documents/Prepa/TIPE/data/MASATI-v2/ship/s0722.png,445,470,75,88"
"D:/Documents/Prepa/TIPE/data/MASATI-v2/ship/s0723.png,286,330,111,132"
"D:/Documents/Prepa/TIPE/data/MASATI-v2/ship/s0724.png,382,407,425,454"
"D:/Documents/Prepa/TIPE/data/MASATI-v2/ship/s0725.png,434,457,469,497"
"D:/Documents/Prepa/TIPE/data/MASATI-v2/ship/s0726.png,469,498,378,396"
"D:/Documents/Prepa/TIPE/data/MASATI-v2/ship/s0727.png,112,129,383,399"
"D:/Documents/Prepa/TIPE/data/MASATI-v2/ship/s0728.png,334,356,332,355"
"D:/Documents/Prepa/TIPE/data/MASATI-v2/ship/s0729.png,27,73,124,144"
"D:/Documents/Prepa/TIPE/data/MASATI-v2/ship/s0730.png,79,134,438,469"
"D:/Documents/Prepa/TIPE/data/MASATI-v2/ship/s0731.png,396,408,165,183"
"D:/Documents/Prepa/TIPE/data/MASATI-v2/ship/s0732.png,226,272,401,431"
"D:/Documents/Prepa/TIPE/data/MASATI-v2/ship/s0733.png,472,484,177,195"
"D:/Documents/Prepa/TIPE/data/MASATI-v2/ship/s0734.png,323,359,17,53"
"D:/Documents/Prepa/TIPE/data/MASATI-v2/ship/s0735.png,356,374,265,290"
"D:/Documents/Prepa/TIPE/data/MASATI-v2/ship/s0736.png,443,464,163,195"
"D:/Documents/Prepa/TIPE/data/MASATI-v2/ship/s0737.png,358,388,266,296"
"D:/Documents/Prepa/TIPE/data/MASATI-v2/ship/s0738.png,478,500,156,178"
"D:/Documents/Prepa/TIPE/data/MASATI-v2/ship/s0739.png,227,239,218,238"
"D:/Documents/Prepa/TIPE/data/MASATI-v2/ship/s0740.png,98,130,315,338"
"D:/Documents/Prepa/TIPE/data/MASATI-v2/ship/s0741.png,125,174,338,388"
"D:/Documents/Prepa/TIPE/data/MASATI-v2/ship/s0742.png,411,467,345,374"
"D:/Documents/Prepa/TIPE/data/MASATI-v2/ship/s0743.png,196,216,180,209"
"D:/Documents/Prepa/TIPE/data/MASATI-v2/ship/s0744.png,134,149,311,340"
"D:/Documents/Prepa/TIPE/data/MASATI-v2/ship/s0745.png,115,132,280,305"
"D:/Documents/Prepa/TIPE/data/MASATI-v2/ship/s0746.png,55,88,321,339"
"D:/Documents/Prepa/TIPE/data/MASATI-v2/ship/s0747.png,173,187,187,212"
"D:/Documents/Prepa/TIPE/data/MASATI-v2/ship/s0748.png,16,56,380,423"
"D:/Documents/Prepa/TIPE/data/MASATI-v2/ship/s0749.png,325,342,232,258"
"D:/Documents/Prepa/TIPE/data/MASATI-v2/ship/s0750.png,228,262,185,213"
"D:/Documents/Prepa/TIPE/data/MASATI-v2/ship/s0751.png,187,215,127,168"
"D:/Documents/Prepa/TIPE/data/MASATI-v2/ship/s0752.png,245,269,285,298"
"D:/Documents/Prepa/TIPE/data/MASATI-v2/ship/s0753.png,140,152,387,397"
"D:/Documents/Prepa/TIPE/data/MASATI-v2/ship/s0754.png,223,236,448,457"
"D:/Documents/Prepa/TIPE/data/MASATI-v2/ship/s0755.png,170,187,475,488"
"D:/Documents/Prepa/TIPE/data/MASATI-v2/ship/s0756.png,95,117,295,313"
"D:/Documents/Prepa/TIPE/data/MASATI-v2/ship/s0757.png,243,253,367,384"
"D:/Documents/Prepa/TIPE/data/MASATI-v2/ship/s0758.png,169,186,194,211"
"D:/Documents/Prepa/TIPE/data/MASATI-v2/ship/s0759.png,381,404,238,248"
"D:/Documents/Prepa/TIPE/data/MASATI-v2/ship/s0760.png,356,380,231,260"
"D:/Documents/Prepa/TIPE/data/MASATI-v2/ship/s0761.png,373,407,406,432"
"D:/Documents/Prepa/TIPE/data/MASATI-v2/ship/s0762.png,237,260,307,326"
"D:/Documents/Prepa/TIPE/data/MASATI-v2/ship/s0763.png,386,411,128,162"
"D:/Documents/Prepa/TIPE/data/MASATI-v2/ship/s0764.png,57,93,381,406"
"D:/Documents/Prepa/TIPE/data/MASATI-v2/ship/s0765.png,197,222,202,228"
"D:/Documents/Prepa/TIPE/data/MASATI-v2/ship/s0766.png,99,127,424,449"
"D:/Documents/Prepa/TIPE/data/MASATI-v2/ship/s0767.png,66,91,430,448"
"D:/Documents/Prepa/TIPE/data/MASATI-v2/ship/s0768.png,129,142,139,158"
"D:/Documents/Prepa/TIPE/data/MASATI-v2/ship/s0769.png,205,227,20,38"
"D:/Documents/Prepa/TIPE/data/MASATI-v2/ship/s0770.png,414,435,210,234"
"D:/Documents/Prepa/TIPE/data/MASATI-v2/ship/s0771.png,453,476,150,179"
"D:/Documents/Prepa/TIPE/data/MASATI-v2/ship/s0772.png,446,501,45,67"
"D:/Documents/Prepa/TIPE/data/MASATI-v2/ship/s0773.png,174,218,283,352"
"D:/Documents/Prepa/TIPE/data/MASATI-v2/ship/s0774.png,255,281,231,252"
"D:/Documents/Prepa/TIPE/data/MASATI-v2/ship/s0775.png,335,372,144,171"
"D:/Documents/Prepa/TIPE/data/MASATI-v2/ship/s0776.png,245,260,299,329"
"D:/Documents/Prepa/TIPE/data/MASATI-v2/ship/s0777.png,267,304,208,266"
"D:/Documents/Prepa/TIPE/data/MASATI-v2/ship/s0778.png,343,354,185,201"
"D:/Documents/Prepa/TIPE/data/MASATI-v2/ship/s0779.png,356,367,166,180"
"D:/Documents/Prepa/TIPE/data/MASATI-v2/ship/s0780.png,328,338,293,307"
"D:/Documents/Prepa/TIPE/data/MASATI-v2/ship/s0781.png,125,135,401,413"
"D:/Documents/Prepa/TIPE/data/MASATI-v2/ship/s0782.png,377,394,332,366"
"D:/Documents/Prepa/TIPE/data/MASATI-v2/ship/s0783.png,208,222,119,132"
"D:/Documents/Prepa/TIPE/data/MASATI-v2/ship/s0784.png,353,367,191,224"
"D:/Documents/Prepa/TIPE/data/MASATI-v2/ship/s0785.png,296,320,268,314"
"D:/Documents/Prepa/TIPE/data/MASATI-v2/ship/s0786.png,390,405,185,212"
"D:/Documents/Prepa/TIPE/data/MASATI-v2/ship/s0787.png,161,194,287,373"
"D:/Documents/Prepa/TIPE/data/MASATI-v2/ship/s0788.png,181,221,126,198"
"D:/Documents/Prepa/TIPE/data/MASATI-v2/ship/s0789.png,233,256,81,132"
"D:/Documents/Prepa/TIPE/data/MASATI-v2/ship/s0790.png,244,277,309,360"
"D:/Documents/Prepa/TIPE/data/MASATI-v2/ship/s0791.png,316,328,240,270"
"D:/Documents/Prepa/TIPE/data/MASATI-v2/ship/s0792.png,156,170,161,208"
"D:/Documents/Prepa/TIPE/data/MASATI-v2/ship/s0793.png,295,314,282,294"
"D:/Documents/Prepa/TIPE/data/MASATI-v2/ship/s0794.png,218,232,283,293"
"D:/Documents/Prepa/TIPE/data/MASATI-v2/ship/s0795.png,265,277,271,286"
"D:/Documents/Prepa/TIPE/data/MASATI-v2/ship/s0796.png,297,311,215,226"
"D:/Documents/Prepa/TIPE/data/MASATI-v2/ship/s0797.png,411,426,297,325"
"D:/Documents/Prepa/TIPE/data/MASATI-v2/ship/s0798.png,381,399,222,236"
"D:/Documents/Prepa/TIPE/data/MASATI-v2/ship/s0799.png,61,80,435,445"
"D:/Documents/Prepa/TIPE/data/MASATI-v2/ship/s0800.png,135,156,214,246"
"D:/Documents/Prepa/TIPE/data/MASATI-v2/ship/s0801.png,178,198,327,354"
"D:/Documents/Prepa/TIPE/data/MASATI-v2/ship/s0802.png,107,119,274,292"
"D:/Documents/Prepa/TIPE/data/MASATI-v2/ship/s0803.png,268,286,351,384"
"D:/Documents/Prepa/TIPE/data/MASATI-v2/ship/s0804.png,144,163,173,200"
"D:/Documents/Prepa/TIPE/data/MASATI-v2/ship/s0805.png,225,250,65,106"
"D:/Documents/Prepa/TIPE/data/MASATI-v2/ship/s0806.png,228,244,152,177"
"D:/Documents/Prepa/TIPE/data/MASATI-v2/ship/s0807.png,457,503,39,58"
"D:/Documents/Prepa/TIPE/data/MASATI-v2/ship/s0808.png,367,384,397,442"
"D:/Documents/Prepa/TIPE/data/MASATI-v2/ship/s0809.png,101,112,269,292"
"D:/Documents/Prepa/TIPE/data/MASATI-v2/ship/s0810.png,281,293,241,282"
"D:/Documents/Prepa/TIPE/data/MASATI-v2/ship/s0811.png,249,263,397,407"
"D:/Documents/Prepa/TIPE/data/MASATI-v2/ship/s0812.png,99,110,446,465"
"D:/Documents/Prepa/TIPE/data/MASATI-v2/ship/s0813.png,408,429,205,247"
"D:/Documents/Prepa/TIPE/data/MASATI-v2/ship/s0814.png,360,373,221,252"
"D:/Documents/Prepa/TIPE/data/MASATI-v2/ship/s0815.png,258,269,170,190"
"D:/Documents/Prepa/TIPE/data/MASATI-v2/ship/s0816.png,380,397,273,303"
"D:/Documents/Prepa/TIPE/data/MASATI-v2/ship/s0817.png,253,277,66,107"
"D:/Documents/Prepa/TIPE/data/MASATI-v2/ship/s0818.png,298,311,87,102"
"D:/Documents/Prepa/TIPE/data/MASATI-v2/ship/s0819.png,387,427,122,139"
"D:/Documents/Prepa/TIPE/data/MASATI-v2/ship/s0820.png,413,444,172,194"
"D:/Documents/Prepa/TIPE/data/MASATI-v2/ship/s0821.png,265,302,90,140"
"D:/Documents/Prepa/TIPE/data/MASATI-v2/ship/s0822.png,356,379,249,269"
"D:/Documents/Prepa/TIPE/data/MASATI-v2/ship/s0823.png,243,277,128,143"
"D:/Documents/Prepa/TIPE/data/MASATI-v2/ship/s0824.png,154,167,184,218"
"D:/Documents/Prepa/TIPE/data/MASATI-v2/ship/s0825.png,412,431,230,243"
"D:/Documents/Prepa/TIPE/data/MASATI-v2/ship/s0826.png,358,379,235,247"
"D:/Documents/Prepa/TIPE/data/MASATI-v2/ship/s0827.png,386,405,143,164"
"D:/Documents/Prepa/TIPE/data/MASATI-v2/ship/s0828.png,57,72,446,471"
"D:/Documents/Prepa/TIPE/data/MASATI-v2/ship/s0829.png,417,435,422,440"
"D:/Documents/Prepa/TIPE/data/MASATI-v2/ship/s0830.png,306,322,379,399"
"D:/Documents/Prepa/TIPE/data/MASATI-v2/ship/s0831.png,372,394,356,375"
"D:/Documents/Prepa/TIPE/data/MASATI-v2/ship/s0832.png,431,455,267,279"
"D:/Documents/Prepa/TIPE/data/MASATI-v2/ship/s0833.png,276,294,244,256"
"D:/Documents/Prepa/TIPE/data/MASATI-v2/ship/s0834.png,250,275,328,348"
"D:/Documents/Prepa/TIPE/data/MASATI-v2/ship/s0835.png,245,273,190,263"
"D:/Documents/Prepa/TIPE/data/MASATI-v2/ship/s0836.png,315,350,101,117"
"D:/Documents/Prepa/TIPE/data/MASATI-v2/ship/s0837.png,423,445,168,188"
"D:/Documents/Prepa/TIPE/data/MASATI-v2/ship/s0838.png,353,372,403,416"
"D:/Documents/Prepa/TIPE/data/MASATI-v2/ship/s0839.png,246,297,188,208"
"D:/Documents/Prepa/TIPE/data/MASATI-v2/ship/s0840.png,137,182,312,326"
"D:/Documents/Prepa/TIPE/data/MASATI-v2/ship/s0841.png,237,274,311,328"
"D:/Documents/Prepa/TIPE/data/MASATI-v2/ship/s0842.png,322,361,200,215"
"D:/Documents/Prepa/TIPE/data/MASATI-v2/ship/s0843.png,316,356,274,301"
"D:/Documents/Prepa/TIPE/data/MASATI-v2/ship/s0844.png,194,214,9,34"
"D:/Documents/Prepa/TIPE/data/MASATI-v2/ship/s0845.png,432,446,259,268"
"D:/Documents/Prepa/TIPE/data/MASATI-v2/ship/s0846.png,225,243,415,425"
"D:/Documents/Prepa/TIPE/data/MASATI-v2/ship/s0847.png,245,271,216,229"
"D:/Documents/Prepa/TIPE/data/MASATI-v2/ship/s0848.png,239,262,270,284"
"D:/Documents/Prepa/TIPE/data/MASATI-v2/ship/s0849.png,248,272,238,251"
"D:/Documents/Prepa/TIPE/data/MASATI-v2/ship/s0850.png,264,286,480,494"
"D:/Documents/Prepa/TIPE/data/MASATI-v2/ship/s0851.png,299,323,217,230"
"D:/Documents/Prepa/TIPE/data/MASATI-v2/ship/s0852.png,270,290,24,40"
"D:/Documents/Prepa/TIPE/data/MASATI-v2/ship/s0853.png,262,281,252,265"
"D:/Documents/Prepa/TIPE/data/MASATI-v2/ship/s0854.png,220,240,230,248"
"D:/Documents/Prepa/TIPE/data/MASATI-v2/ship/s0855.png,253,272,229,244"
"D:/Documents/Prepa/TIPE/data/MASATI-v2/ship/s0856.png,470,492,224,240"
"D:/Documents/Prepa/TIPE/data/MASATI-v2/ship/s0857.png,361,377,109,124"
"D:/Documents/Prepa/TIPE/data/MASATI-v2/ship/s0858.png,245,262,80,96"
"D:/Documents/Prepa/TIPE/data/MASATI-v2/ship/s0859.png,296,316,230,242"
"D:/Documents/Prepa/TIPE/data/MASATI-v2/ship/s0860.png,301,313,324,338"
"D:/Documents/Prepa/TIPE/data/MASATI-v2/ship/s0861.png,201,221,390,404"
"D:/Documents/Prepa/TIPE/data/MASATI-v2/ship/s0862.png,284,294,222,239"
"D:/Documents/Prepa/TIPE/data/MASATI-v2/ship/s0863.png,232,250,154,167"
"D:/Documents/Prepa/TIPE/data/MASATI-v2/ship/s0864.png,259,271,268,279"
"D:/Documents/Prepa/TIPE/data/MASATI-v2/ship/s0865.png,419,431,291,312"
"D:/Documents/Prepa/TIPE/data/MASATI-v2/ship/s0866.png,240,254,269,283"
"D:/Documents/Prepa/TIPE/data/MASATI-v2/ship/s0867.png,214,243,323,341"
"D:/Documents/Prepa/TIPE/data/MASATI-v2/ship/s0868.png,374,393,276,287"
"D:/Documents/Prepa/TIPE/data/MASATI-v2/ship/s0869.png,303,316,303,314"
"D:/Documents/Prepa/TIPE/data/MASATI-v2/ship/s0870.png,1,17,442,456"
"D:/Documents/Prepa/TIPE/data/MASATI-v2/ship/s0871.png,408,429,334,348"
"D:/Documents/Prepa/TIPE/data/MASATI-v2/ship/s0872.png,406,422,337,356"
"D:/Documents/Prepa/TIPE/data/MASATI-v2/ship/s0873.png,333,350,231,248"
"D:/Documents/Prepa/TIPE/data/MASATI-v2/ship/s0874.png,103,146,386,416"
"D:/Documents/Prepa/TIPE/data/MASATI-v2/ship/s0875.png,282,301,139,163"
"D:/Documents/Prepa/TIPE/data/MASATI-v2/ship/s0876.png,233,252,80,124"
"D:/Documents/Prepa/TIPE/data/MASATI-v2/ship/s0877.png,334,350,66,85"
"D:/Documents/Prepa/TIPE/data/MASATI-v2/ship/s0878.png,67,90,405,420"
"D:/Documents/Prepa/TIPE/data/MASATI-v2/ship/s0879.png,276,288,186,206"
"D:/Documents/Prepa/TIPE/data/MASATI-v2/ship/s0880.png,336,376,173,217"
"D:/Documents/Prepa/TIPE/data/MASATI-v2/ship/s0881.png,412,436,387,403"
"D:/Documents/Prepa/TIPE/data/MASATI-v2/ship/s0882.png,150,174,317,329"
"D:/Documents/Prepa/TIPE/data/MASATI-v2/ship/s0883.png,86,110,431,451"
"D:/Documents/Prepa/TIPE/data/MASATI-v2/ship/s0884.png,163,184,433,457"
"D:/Documents/Prepa/TIPE/data/MASATI-v2/ship/s0885.png,349,358,46,59"
"D:/Documents/Prepa/TIPE/data/MASATI-v2/ship/s0886.png,171,185,466,481"
"D:/Documents/Prepa/TIPE/data/MASATI-v2/ship/s0887.png,238,252,243,258"
"D:/Documents/Prepa/TIPE/data/MASATI-v2/ship/s0888.png,381,393,251,265"
"D:/Documents/Prepa/TIPE/data/MASATI-v2/ship/s0889.png,249,264,422,438"
"D:/Documents/Prepa/TIPE/data/MASATI-v2/ship/s0890.png,253,269,180,191"
"D:/Documents/Prepa/TIPE/data/MASATI-v2/ship/s0891.png,306,321,15,37"
"D:/Documents/Prepa/TIPE/data/MASATI-v2/ship/s0892.png,317,344,213,239"
"D:/Documents/Prepa/TIPE/data/MASATI-v2/ship/s0893.png,410,424,406,421"
"D:/Documents/Prepa/TIPE/data/MASATI-v2/ship/s0894.png,122,137,152,164"
"D:/Documents/Prepa/TIPE/data/MASATI-v2/ship/s0895.png,225,240,290,301"
"D:/Documents/Prepa/TIPE/data/MASATI-v2/ship/s0896.png,190,216,155,192"
"D:/Documents/Prepa/TIPE/data/MASATI-v2/ship/s0897.png,178,212,152,201"
"D:/Documents/Prepa/TIPE/data/MASATI-v2/ship/s0898.png,274,289,278,297"
"D:/Documents/Prepa/TIPE/data/MASATI-v2/ship/s0899.png,225,248,94,156"
"D:/Documents/Prepa/TIPE/data/MASATI-v2/ship/s0900.png,298,313,211,228"
"D:/Documents/Prepa/TIPE/data/MASATI-v2/ship/s0901.png,246,261,244,256"
"D:/Documents/Prepa/TIPE/data/MASATI-v2/ship/s0902.png,225,239,274,283"
"D:/Documents/Prepa/TIPE/data/MASATI-v2/ship/s0903.png,203,212,268,285"
"D:/Documents/Prepa/TIPE/data/MASATI-v2/ship/s0904.png,266,285,257,275"
"D:/Documents/Prepa/TIPE/data/MASATI-v2/ship/s0905.png,239,262,234,251"
"D:/Documents/Prepa/TIPE/data/MASATI-v2/ship/s0906.png,377,398,143,163"
"D:/Documents/Prepa/TIPE/data/MASATI-v2/ship/s0907.png,444,459,185,201"
"D:/Documents/Prepa/TIPE/data/MASATI-v2/ship/s0908.png,29,42,420,432"
"D:/Documents/Prepa/TIPE/data/MASATI-v2/ship/s0909.png,237,258,295,318"
"D:/Documents/Prepa/TIPE/data/MASATI-v2/ship/s0910.png,221,238,286,302"
"D:/Documents/Prepa/TIPE/data/MASATI-v2/ship/s0911.png,287,303,248,268"
"D:/Documents/Prepa/TIPE/data/MASATI-v2/ship/s0912.png,238,259,293,309"
"D:/Documents/Prepa/TIPE/data/MASATI-v2/ship/s0913.png,236,249,232,279"
"D:/Documents/Prepa/TIPE/data/MASATI-v2/ship/s0914.png,57,79,235,261"
"D:/Documents/Prepa/TIPE/data/MASATI-v2/ship/s0915.png,243,259,243,276"
"D:/Documents/Prepa/TIPE/data/MASATI-v2/ship/s0916.png,311,331,177,226"
"D:/Documents/Prepa/TIPE/data/MASATI-v2/ship/s0917.png,239,252,85,94"
"D:/Documents/Prepa/TIPE/data/MASATI-v2/ship/s0918.png,193,202,311,332"
"D:/Documents/Prepa/TIPE/data/MASATI-v2/ship/s0919.png,332,345,41,55"
"D:/Documents/Prepa/TIPE/data/MASATI-v2/ship/s0920.png,258,278,181,196"
"D:/Documents/Prepa/TIPE/data/MASATI-v2/ship/s0921.png,236,260,386,402"
"D:/Documents/Prepa/TIPE/data/MASATI-v2/ship/s0922.png,330,351,322,344"
"D:/Documents/Prepa/TIPE/data/MASATI-v2/ship/s0923.png,213,230,223,236"
"D:/Documents/Prepa/TIPE/data/MASATI-v2/ship/s0924.png,451,484,444,461"
"D:/Documents/Prepa/TIPE/data/MASATI-v2/ship/s0925.png,40,83,440,463"
"D:/Documents/Prepa/TIPE/data/MASATI-v2/ship/s0926.png,70,93,449,475"
"D:/Documents/Prepa/TIPE/data/MASATI-v2/ship/s0927.png,485,508,160,183"
"D:/Documents/Prepa/TIPE/data/MASATI-v2/ship/s0928.png,435,457,172,184"
"D:/Documents/Prepa/TIPE/data/MASATI-v2/ship/s0929.png,291,324,467,487"
"D:/Documents/Prepa/TIPE/data/MASATI-v2/ship/s0930.png,175,195,464,485"
"D:/Documents/Prepa/TIPE/data/MASATI-v2/ship/s0931.png,322,350,209,225"
"D:/Documents/Prepa/TIPE/data/MASATI-v2/ship/s0932.png,302,319,208,231"
"D:/Documents/Prepa/TIPE/data/MASATI-v2/ship/s0933.png,402,418,110,136"
"D:/Documents/Prepa/TIPE/data/MASATI-v2/ship/s0934.png,131,151,252,263"
"D:/Documents/Prepa/TIPE/data/MASATI-v2/ship/s0935.png,319,337,56,74"
"D:/Documents/Prepa/TIPE/data/MASATI-v2/ship/s0936.png,186,223,152,177"
"D:/Documents/Prepa/TIPE/data/MASATI-v2/ship/s0937.png,255,268,462,484"
"D:/Documents/Prepa/TIPE/data/MASATI-v2/ship/s0938.png,69,86,94,115"
"D:/Documents/Prepa/TIPE/data/MASATI-v2/ship/s0939.png,260,281,15,31"
"D:/Documents/Prepa/TIPE/data/MASATI-v2/ship/s0940.png,246,264,226,242"
"D:/Documents/Prepa/TIPE/data/MASATI-v2/ship/s0941.png,242,258,247,264"
"D:/Documents/Prepa/TIPE/data/MASATI-v2/ship/s0942.png,119,136,171,182"
"D:/Documents/Prepa/TIPE/data/MASATI-v2/ship/s0943.png,331,348,171,186"
"D:/Documents/Prepa/TIPE/data/MASATI-v2/ship/s0944.png,298,315,290,304"
"D:/Documents/Prepa/TIPE/data/MASATI-v2/ship/s0945.png,144,163,265,279"
"D:/Documents/Prepa/TIPE/data/MASATI-v2/ship/s0946.png,411,428,271,293"
"D:/Documents/Prepa/TIPE/data/MASATI-v2/ship/s0947.png,164,177,204,229"
"D:/Documents/Prepa/TIPE/data/MASATI-v2/ship/s0948.png,126,153,259,275"
"D:/Documents/Prepa/TIPE/data/MASATI-v2/ship/s0949.png,350,362,142,159"
"D:/Documents/Prepa/TIPE/data/MASATI-v2/ship/s0950.png,421,436,222,267"
"D:/Documents/Prepa/TIPE/data/MASATI-v2/ship/s0951.png,246,263,294,307"
"D:/Documents/Prepa/TIPE/data/MASATI-v2/ship/s0952.png,452,467,432,452"
"D:/Documents/Prepa/TIPE/data/MASATI-v2/ship/s0953.png,440,478,81,136"
"D:/Documents/Prepa/TIPE/data/MASATI-v2/ship/s0954.png,108,133,154,190"
"D:/Documents/Prepa/TIPE/data/MASATI-v2/ship/s0955.png,377,409,343,372"
"D:/Documents/Prepa/TIPE/data/MASATI-v2/ship/s0956.png,344,363,115,135"
"D:/Documents/Prepa/TIPE/data/MASATI-v2/ship/s0957.png,456,480,237,266"
"D:/Documents/Prepa/TIPE/data/MASATI-v2/ship/s0958.png,303,326,322,342"
"D:/Documents/Prepa/TIPE/data/MASATI-v2/ship/s0959.png,363,384,195,219"
"D:/Documents/Prepa/TIPE/data/MASATI-v2/ship/s0960.png,382,410,476,511"
"D:/Documents/Prepa/TIPE/data/MASATI-v2/ship/s0961.png,243,284,318,338"
"D:/Documents/Prepa/TIPE/data/MASATI-v2/ship/s0962.png,354,370,195,228"
"D:/Documents/Prepa/TIPE/data/MASATI-v2/ship/s0963.png,114,129,82,95"
"D:/Documents/Prepa/TIPE/data/MASATI-v2/ship/s0964.png,265,289,185,209"
"D:/Documents/Prepa/TIPE/data/MASATI-v2/ship/s0965.png,395,420,174,199"
"D:/Documents/Prepa/TIPE/data/MASATI-v2/ship/s0966.png,368,396,390,416"
"D:/Documents/Prepa/TIPE/data/MASATI-v2/ship/s0967.png,64,91,466,495"
"D:/Documents/Prepa/TIPE/data/MASATI-v2/ship/s0968.png,315,332,267,294"
"D:/Documents/Prepa/TIPE/data/MASATI-v2/ship/s0969.png,68,103,130,149"
"D:/Documents/Prepa/TIPE/data/MASATI-v2/ship/s0970.png,243,267,223,250"
"D:/Documents/Prepa/TIPE/data/MASATI-v2/ship/s0971.png,263,277,225,246"
"D:/Documents/Prepa/TIPE/data/MASATI-v2/ship/s0972.png,325,345,327,340"
"D:/Documents/Prepa/TIPE/data/MASATI-v2/ship/s0973.png,243,266,264,316"
"D:/Documents/Prepa/TIPE/data/MASATI-v2/ship/s0974.png,333,345,35,43"
"D:/Documents/Prepa/TIPE/data/MASATI-v2/ship/s0975.png,327,335,206,214"
"D:/Documents/Prepa/TIPE/data/MASATI-v2/ship/s0976.png,292,306,340,357"
"D:/Documents/Prepa/TIPE/data/MASATI-v2/ship/s0977.png,157,181,82,97"
"D:/Documents/Prepa/TIPE/data/MASATI-v2/ship/s0978.png,403,419,272,288"
"D:/Documents/Prepa/TIPE/data/MASATI-v2/ship/s0979.png,57,79,279,303"
"D:/Documents/Prepa/TIPE/data/MASATI-v2/ship/s0980.png,266,295,315,350"
"D:/Documents/Prepa/TIPE/data/MASATI-v2/ship/s0981.png,311,335,292,308"
"D:/Documents/Prepa/TIPE/data/MASATI-v2/ship/s0982.png,194,215,359,370"
"D:/Documents/Prepa/TIPE/data/MASATI-v2/ship/s0983.png,53,75,223,242"
"D:/Documents/Prepa/TIPE/data/MASATI-v2/ship/s0984.png,339,371,430,449"
"D:/Documents/Prepa/TIPE/data/MASATI-v2/ship/s0985.png,322,346,80,96"
"D:/Documents/Prepa/TIPE/data/MASATI-v2/ship/s0986.png,246,295,442,458"
"D:/Documents/Prepa/TIPE/data/MASATI-v2/ship/s0987.png,58,93,93,140"
"D:/Documents/Prepa/TIPE/data/MASATI-v2/ship/s0988.png,69,101,372,430"
"D:/Documents/Prepa/TIPE/data/MASATI-v2/ship/s0989.png,264,317,442,487"
"D:/Documents/Prepa/TIPE/data/MASATI-v2/ship/s0990.png,56,82,431,473"
"D:/Documents/Prepa/TIPE/data/MASATI-v2/ship/s0991.png,355,369,400,418"
"D:/Documents/Prepa/TIPE/data/MASATI-v2/ship/s0992.png,452,481,42,84"
"D:/Documents/Prepa/TIPE/data/MASATI-v2/ship/s0993.png,439,466,442,484"
"D:/Documents/Prepa/TIPE/data/MASATI-v2/ship/s0994.png,373,397,103,143"
"D:/Documents/Prepa/TIPE/data/MASATI-v2/ship/s0995.png,174,187,96,112"
"D:/Documents/Prepa/TIPE/data/MASATI-v2/ship/s0996.png,160,194,156,199"
"D:/Documents/Prepa/TIPE/data/MASATI-v2/ship/s0997.png,178,198,397,429"
"D:/Documents/Prepa/TIPE/data/MASATI-v2/ship/s0998.png,401,417,282,295"
"D:/Documents/Prepa/TIPE/data/MASATI-v2/ship/s0999.png,300,323,59,89"
"D:/Documents/Prepa/TIPE/data/MASATI-v2/ship/s1000.png,383,399,273,296"
"D:/Documents/Prepa/TIPE/data/MASATI-v2/ship/s1001.png,437,448,166,183"
"D:/Documents/Prepa/TIPE/data/MASATI-v2/ship/s1002.png,218,234,379,390"
"D:/Documents/Prepa/TIPE/data/MASATI-v2/ship/s1003.png,483,499,294,306"
"D:/Documents/Prepa/TIPE/data/MASATI-v2/ship/s1004.png,45,68,64,78"
"D:/Documents/Prepa/TIPE/data/MASATI-v2/ship/s1005.png,65,105,76,114"
"D:/Documents/Prepa/TIPE/data/MASATI-v2/ship/s1006.png,353,369,419,434"
"D:/Documents/Prepa/TIPE/data/MASATI-v2/ship/s1007.png,267,299,430,448"
"D:/Documents/Prepa/TIPE/data/MASATI-v2/ship/s1008.png,312,332,343,369"
"D:/Documents/Prepa/TIPE/data/MASATI-v2/ship/s1009.png,19,51,88,115"
"D:/Documents/Prepa/TIPE/data/MASATI-v2/ship/s1010.png,170,201,189,220"
"D:/Documents/Prepa/TIPE/data/MASATI-v2/ship/s1011.png,347,360,34,51"
"D:/Documents/Prepa/TIPE/data/MASATI-v2/ship/s1012.png,379,398,148,171"
"D:/Documents/Prepa/TIPE/data/MASATI-v2/ship/s1013.png,169,189,168,181"
"D:/Documents/Prepa/TIPE/data/MASATI-v2/ship/s1014.png,404,417,149,166"
"D:/Documents/Prepa/TIPE/data/MASATI-v2/ship/s1015.png,107,118,129,143"
"D:/Documents/Prepa/TIPE/data/MASATI-v2/ship/s1016.png,355,363,41,45"
"D:/Documents/Prepa/TIPE/data/MASATI-v2/ship/s1017.png,134,137,178,181"
"D:/Documents/Prepa/TIPE/data/MASATI-v2/ship/s1018.png,87,91,269,274"
"D:/Documents/Prepa/TIPE/data/MASATI-v2/ship/s1019.png,124,130,281,289"
"D:/Documents/Prepa/TIPE/data/MASATI-v2/ship/s1020.png,390,395,53,56"
"D:/Documents/Prepa/TIPE/data/MASATI-v2/ship/s1021.png,452,458,94,99"
"D:/Documents/Prepa/TIPE/data/MASATI-v2/ship/s1022.png,171,178,165,176"
"D:/Documents/Prepa/TIPE/data/MASATI-v2/ship/s1023.png,366,382,220,228"
"D:/Documents/Prepa/TIPE/data/MASATI-v2/ship/s1024.png,190,195,192,202"
