"D:/Documents/Prepa/TIPE/data/MASATI-v2/ship/s0001.png,0"
"D:/Documents/Prepa/TIPE/data/MASATI-v2/ship/s0002.png,0"
"D:/Documents/Prepa/TIPE/data/MASATI-v2/ship/s0003.png,0"
"D:/Documents/Prepa/TIPE/data/MASATI-v2/ship/s0004.png,0"
"D:/Documents/Prepa/TIPE/data/MASATI-v2/ship/s0005.png,0"
"D:/Documents/Prepa/TIPE/data/MASATI-v2/ship/s0006.png,0"
"D:/Documents/Prepa/TIPE/data/MASATI-v2/ship/s0007.png,0"
"D:/Documents/Prepa/TIPE/data/MASATI-v2/ship/s0008.png,0"
"D:/Documents/Prepa/TIPE/data/MASATI-v2/ship/s0009.png,0"
"D:/Documents/Prepa/TIPE/data/MASATI-v2/ship/s0010.png,0"
"D:/Documents/Prepa/TIPE/data/MASATI-v2/ship/s0011.png,0"
"D:/Documents/Prepa/TIPE/data/MASATI-v2/ship/s0012.png,0"
"D:/Documents/Prepa/TIPE/data/MASATI-v2/ship/s0013.png,0"
"D:/Documents/Prepa/TIPE/data/MASATI-v2/ship/s0014.png,0"
"D:/Documents/Prepa/TIPE/data/MASATI-v2/ship/s0015.png,0"
"D:/Documents/Prepa/TIPE/data/MASATI-v2/ship/s0016.png,0"
"D:/Documents/Prepa/TIPE/data/MASATI-v2/ship/s0017.png,0"
"D:/Documents/Prepa/TIPE/data/MASATI-v2/ship/s0018.png,0"
"D:/Documents/Prepa/TIPE/data/MASATI-v2/ship/s0019.png,0"
"D:/Documents/Prepa/TIPE/data/MASATI-v2/ship/s0020.png,0"
"D:/Documents/Prepa/TIPE/data/MASATI-v2/ship/s0021.png,0"
"D:/Documents/Prepa/TIPE/data/MASATI-v2/ship/s0022.png,0"
"D:/Documents/Prepa/TIPE/data/MASATI-v2/ship/s0023.png,0"
"D:/Documents/Prepa/TIPE/data/MASATI-v2/ship/s0024.png,0"
"D:/Documents/Prepa/TIPE/data/MASATI-v2/ship/s0025.png,0"
"D:/Documents/Prepa/TIPE/data/MASATI-v2/ship/s0026.png,0"
"D:/Documents/Prepa/TIPE/data/MASATI-v2/ship/s0027.png,0"
"D:/Documents/Prepa/TIPE/data/MASATI-v2/ship/s0028.png,0"
"D:/Documents/Prepa/TIPE/data/MASATI-v2/ship/s0029.png,0"
"D:/Documents/Prepa/TIPE/data/MASATI-v2/ship/s0030.png,0"
"D:/Documents/Prepa/TIPE/data/MASATI-v2/ship/s0031.png,0"
"D:/Documents/Prepa/TIPE/data/MASATI-v2/ship/s0032.png,0"
"D:/Documents/Prepa/TIPE/data/MASATI-v2/ship/s0033.png,0"
"D:/Documents/Prepa/TIPE/data/MASATI-v2/ship/s0034.png,0"
"D:/Documents/Prepa/TIPE/data/MASATI-v2/ship/s0035.png,0"
"D:/Documents/Prepa/TIPE/data/MASATI-v2/ship/s0036.png,0"
"D:/Documents/Prepa/TIPE/data/MASATI-v2/ship/s0037.png,0"
"D:/Documents/Prepa/TIPE/data/MASATI-v2/ship/s0038.png,0"
"D:/Documents/Prepa/TIPE/data/MASATI-v2/ship/s0039.png,0"
"D:/Documents/Prepa/TIPE/data/MASATI-v2/ship/s0040.png,0"
"D:/Documents/Prepa/TIPE/data/MASATI-v2/ship/s0041.png,0"
"D:/Documents/Prepa/TIPE/data/MASATI-v2/ship/s0042.png,0"
"D:/Documents/Prepa/TIPE/data/MASATI-v2/ship/s0043.png,0"
"D:/Documents/Prepa/TIPE/data/MASATI-v2/ship/s0044.png,0"
"D:/Documents/Prepa/TIPE/data/MASATI-v2/ship/s0045.png,0"
"D:/Documents/Prepa/TIPE/data/MASATI-v2/ship/s0046.png,0"
"D:/Documents/Prepa/TIPE/data/MASATI-v2/ship/s0047.png,0"
"D:/Documents/Prepa/TIPE/data/MASATI-v2/ship/s0048.png,0"
"D:/Documents/Prepa/TIPE/data/MASATI-v2/ship/s0049.png,0"
"D:/Documents/Prepa/TIPE/data/MASATI-v2/ship/s0050.png,0"
"D:/Documents/Prepa/TIPE/data/MASATI-v2/ship/s0051.png,0"
"D:/Documents/Prepa/TIPE/data/MASATI-v2/ship/s0052.png,0"
"D:/Documents/Prepa/TIPE/data/MASATI-v2/ship/s0053.png,0"
"D:/Documents/Prepa/TIPE/data/MASATI-v2/ship/s0054.png,0"
"D:/Documents/Prepa/TIPE/data/MASATI-v2/ship/s0055.png,0"
"D:/Documents/Prepa/TIPE/data/MASATI-v2/ship/s0056.png,0"
"D:/Documents/Prepa/TIPE/data/MASATI-v2/ship/s0057.png,0"
"D:/Documents/Prepa/TIPE/data/MASATI-v2/ship/s0058.png,0"
"D:/Documents/Prepa/TIPE/data/MASATI-v2/ship/s0059.png,0"
"D:/Documents/Prepa/TIPE/data/MASATI-v2/ship/s0060.png,0"
"D:/Documents/Prepa/TIPE/data/MASATI-v2/ship/s0061.png,0"
"D:/Documents/Prepa/TIPE/data/MASATI-v2/ship/s0062.png,0"
"D:/Documents/Prepa/TIPE/data/MASATI-v2/ship/s0063.png,0"
"D:/Documents/Prepa/TIPE/data/MASATI-v2/ship/s0064.png,0"
"D:/Documents/Prepa/TIPE/data/MASATI-v2/ship/s0065.png,0"
"D:/Documents/Prepa/TIPE/data/MASATI-v2/ship/s0066.png,0"
"D:/Documents/Prepa/TIPE/data/MASATI-v2/ship/s0067.png,0"
"D:/Documents/Prepa/TIPE/data/MASATI-v2/ship/s0068.png,0"
"D:/Documents/Prepa/TIPE/data/MASATI-v2/ship/s0069.png,0"
"D:/Documents/Prepa/TIPE/data/MASATI-v2/ship/s0070.png,0"
"D:/Documents/Prepa/TIPE/data/MASATI-v2/ship/s0071.png,0"
"D:/Documents/Prepa/TIPE/data/MASATI-v2/ship/s0072.png,0"
"D:/Documents/Prepa/TIPE/data/MASATI-v2/ship/s0073.png,0"
"D:/Documents/Prepa/TIPE/data/MASATI-v2/ship/s0074.png,0"
"D:/Documents/Prepa/TIPE/data/MASATI-v2/ship/s0075.png,0"
"D:/Documents/Prepa/TIPE/data/MASATI-v2/ship/s0076.png,0"
"D:/Documents/Prepa/TIPE/data/MASATI-v2/ship/s0077.png,0"
"D:/Documents/Prepa/TIPE/data/MASATI-v2/ship/s0078.png,0"
"D:/Documents/Prepa/TIPE/data/MASATI-v2/ship/s0079.png,0"
"D:/Documents/Prepa/TIPE/data/MASATI-v2/ship/s0080.png,0"
"D:/Documents/Prepa/TIPE/data/MASATI-v2/ship/s0081.png,0"
"D:/Documents/Prepa/TIPE/data/MASATI-v2/ship/s0082.png,0"
"D:/Documents/Prepa/TIPE/data/MASATI-v2/ship/s0083.png,0"
"D:/Documents/Prepa/TIPE/data/MASATI-v2/ship/s0084.png,0"
"D:/Documents/Prepa/TIPE/data/MASATI-v2/ship/s0085.png,0"
"D:/Documents/Prepa/TIPE/data/MASATI-v2/ship/s0086.png,0"
"D:/Documents/Prepa/TIPE/data/MASATI-v2/ship/s0087.png,0"
"D:/Documents/Prepa/TIPE/data/MASATI-v2/ship/s0088.png,0"
"D:/Documents/Prepa/TIPE/data/MASATI-v2/ship/s0089.png,0"
"D:/Documents/Prepa/TIPE/data/MASATI-v2/ship/s0090.png,0"
"D:/Documents/Prepa/TIPE/data/MASATI-v2/ship/s0091.png,0"
"D:/Documents/Prepa/TIPE/data/MASATI-v2/ship/s0092.png,0"
"D:/Documents/Prepa/TIPE/data/MASATI-v2/ship/s0093.png,0"
"D:/Documents/Prepa/TIPE/data/MASATI-v2/ship/s0094.png,0"
"D:/Documents/Prepa/TIPE/data/MASATI-v2/ship/s0095.png,0"
"D:/Documents/Prepa/TIPE/data/MASATI-v2/ship/s0096.png,0"
"D:/Documents/Prepa/TIPE/data/MASATI-v2/ship/s0097.png,0"
"D:/Documents/Prepa/TIPE/data/MASATI-v2/ship/s0098.png,0"
"D:/Documents/Prepa/TIPE/data/MASATI-v2/ship/s0099.png,0"
"D:/Documents/Prepa/TIPE/data/MASATI-v2/ship/s0100.png,0"
"D:/Documents/Prepa/TIPE/data/MASATI-v2/ship/s0101.png,0"
"D:/Documents/Prepa/TIPE/data/MASATI-v2/ship/s0102.png,0"
"D:/Documents/Prepa/TIPE/data/MASATI-v2/ship/s0103.png,0"
"D:/Documents/Prepa/TIPE/data/MASATI-v2/ship/s0104.png,0"
"D:/Documents/Prepa/TIPE/data/MASATI-v2/ship/s0105.png,0"
"D:/Documents/Prepa/TIPE/data/MASATI-v2/ship/s0106.png,0"
"D:/Documents/Prepa/TIPE/data/MASATI-v2/ship/s0107.png,0"
"D:/Documents/Prepa/TIPE/data/MASATI-v2/ship/s0108.png,0"
"D:/Documents/Prepa/TIPE/data/MASATI-v2/ship/s0109.png,0"
"D:/Documents/Prepa/TIPE/data/MASATI-v2/ship/s0110.png,0"
"D:/Documents/Prepa/TIPE/data/MASATI-v2/ship/s0111.png,0"
"D:/Documents/Prepa/TIPE/data/MASATI-v2/ship/s0112.png,0"
"D:/Documents/Prepa/TIPE/data/MASATI-v2/ship/s0113.png,0"
"D:/Documents/Prepa/TIPE/data/MASATI-v2/ship/s0114.png,0"
"D:/Documents/Prepa/TIPE/data/MASATI-v2/ship/s0115.png,0"
"D:/Documents/Prepa/TIPE/data/MASATI-v2/ship/s0116.png,0"
"D:/Documents/Prepa/TIPE/data/MASATI-v2/ship/s0117.png,0"
"D:/Documents/Prepa/TIPE/data/MASATI-v2/ship/s0118.png,0"
"D:/Documents/Prepa/TIPE/data/MASATI-v2/ship/s0119.png,0"
"D:/Documents/Prepa/TIPE/data/MASATI-v2/ship/s0120.png,0"
"D:/Documents/Prepa/TIPE/data/MASATI-v2/ship/s0121.png,0"
"D:/Documents/Prepa/TIPE/data/MASATI-v2/ship/s0122.png,0"
"D:/Documents/Prepa/TIPE/data/MASATI-v2/ship/s0123.png,0"
"D:/Documents/Prepa/TIPE/data/MASATI-v2/ship/s0124.png,0"
"D:/Documents/Prepa/TIPE/data/MASATI-v2/ship/s0125.png,0"
"D:/Documents/Prepa/TIPE/data/MASATI-v2/ship/s0126.png,0"
"D:/Documents/Prepa/TIPE/data/MASATI-v2/ship/s0127.png,0"
"D:/Documents/Prepa/TIPE/data/MASATI-v2/ship/s0128.png,0"
"D:/Documents/Prepa/TIPE/data/MASATI-v2/ship/s0129.png,0"
"D:/Documents/Prepa/TIPE/data/MASATI-v2/ship/s0130.png,0"
"D:/Documents/Prepa/TIPE/data/MASATI-v2/ship/s0131.png,0"
"D:/Documents/Prepa/TIPE/data/MASATI-v2/ship/s0132.png,0"
"D:/Documents/Prepa/TIPE/data/MASATI-v2/ship/s0133.png,0"
"D:/Documents/Prepa/TIPE/data/MASATI-v2/ship/s0134.png,0"
"D:/Documents/Prepa/TIPE/data/MASATI-v2/ship/s0135.png,0"
"D:/Documents/Prepa/TIPE/data/MASATI-v2/ship/s0136.png,0"
"D:/Documents/Prepa/TIPE/data/MASATI-v2/ship/s0137.png,0"
"D:/Documents/Prepa/TIPE/data/MASATI-v2/ship/s0138.png,0"
"D:/Documents/Prepa/TIPE/data/MASATI-v2/ship/s0139.png,0"
"D:/Documents/Prepa/TIPE/data/MASATI-v2/ship/s0140.png,0"
"D:/Documents/Prepa/TIPE/data/MASATI-v2/ship/s0141.png,0"
"D:/Documents/Prepa/TIPE/data/MASATI-v2/ship/s0142.png,0"
"D:/Documents/Prepa/TIPE/data/MASATI-v2/ship/s0143.png,0"
"D:/Documents/Prepa/TIPE/data/MASATI-v2/ship/s0144.png,0"
"D:/Documents/Prepa/TIPE/data/MASATI-v2/ship/s0145.png,0"
"D:/Documents/Prepa/TIPE/data/MASATI-v2/ship/s0146.png,0"
"D:/Documents/Prepa/TIPE/data/MASATI-v2/ship/s0147.png,0"
"D:/Documents/Prepa/TIPE/data/MASATI-v2/ship/s0148.png,0"
"D:/Documents/Prepa/TIPE/data/MASATI-v2/ship/s0149.png,0"
"D:/Documents/Prepa/TIPE/data/MASATI-v2/ship/s0150.png,0"
"D:/Documents/Prepa/TIPE/data/MASATI-v2/ship/s0151.png,0"
"D:/Documents/Prepa/TIPE/data/MASATI-v2/ship/s0152.png,0"
"D:/Documents/Prepa/TIPE/data/MASATI-v2/ship/s0153.png,0"
"D:/Documents/Prepa/TIPE/data/MASATI-v2/ship/s0154.png,0"
"D:/Documents/Prepa/TIPE/data/MASATI-v2/ship/s0155.png,0"
"D:/Documents/Prepa/TIPE/data/MASATI-v2/ship/s0156.png,0"
"D:/Documents/Prepa/TIPE/data/MASATI-v2/ship/s0157.png,0"
"D:/Documents/Prepa/TIPE/data/MASATI-v2/ship/s0158.png,0"
"D:/Documents/Prepa/TIPE/data/MASATI-v2/ship/s0159.png,0"
"D:/Documents/Prepa/TIPE/data/MASATI-v2/ship/s0160.png,0"
"D:/Documents/Prepa/TIPE/data/MASATI-v2/ship/s0161.png,0"
"D:/Documents/Prepa/TIPE/data/MASATI-v2/ship/s0162.png,0"
"D:/Documents/Prepa/TIPE/data/MASATI-v2/ship/s0163.png,0"
"D:/Documents/Prepa/TIPE/data/MASATI-v2/ship/s0164.png,0"
"D:/Documents/Prepa/TIPE/data/MASATI-v2/ship/s0165.png,0"
"D:/Documents/Prepa/TIPE/data/MASATI-v2/ship/s0166.png,0"
"D:/Documents/Prepa/TIPE/data/MASATI-v2/ship/s0167.png,0"
"D:/Documents/Prepa/TIPE/data/MASATI-v2/ship/s0168.png,0"
"D:/Documents/Prepa/TIPE/data/MASATI-v2/ship/s0169.png,0"
"D:/Documents/Prepa/TIPE/data/MASATI-v2/ship/s0170.png,0"
"D:/Documents/Prepa/TIPE/data/MASATI-v2/ship/s0171.png,0"
"D:/Documents/Prepa/TIPE/data/MASATI-v2/ship/s0172.png,0"
"D:/Documents/Prepa/TIPE/data/MASATI-v2/ship/s0173.png,0"
"D:/Documents/Prepa/TIPE/data/MASATI-v2/ship/s0174.png,0"
"D:/Documents/Prepa/TIPE/data/MASATI-v2/ship/s0175.png,0"
"D:/Documents/Prepa/TIPE/data/MASATI-v2/ship/s0176.png,0"
"D:/Documents/Prepa/TIPE/data/MASATI-v2/ship/s0177.png,0"
"D:/Documents/Prepa/TIPE/data/MASATI-v2/ship/s0178.png,0"
"D:/Documents/Prepa/TIPE/data/MASATI-v2/ship/s0179.png,0"
"D:/Documents/Prepa/TIPE/data/MASATI-v2/ship/s0180.png,0"
"D:/Documents/Prepa/TIPE/data/MASATI-v2/ship/s0181.png,0"
"D:/Documents/Prepa/TIPE/data/MASATI-v2/ship/s0182.png,0"
"D:/Documents/Prepa/TIPE/data/MASATI-v2/ship/s0183.png,0"
"D:/Documents/Prepa/TIPE/data/MASATI-v2/ship/s0184.png,0"
"D:/Documents/Prepa/TIPE/data/MASATI-v2/ship/s0185.png,0"
"D:/Documents/Prepa/TIPE/data/MASATI-v2/ship/s0186.png,0"
"D:/Documents/Prepa/TIPE/data/MASATI-v2/ship/s0187.png,0"
"D:/Documents/Prepa/TIPE/data/MASATI-v2/ship/s0188.png,0"
"D:/Documents/Prepa/TIPE/data/MASATI-v2/ship/s0189.png,0"
"D:/Documents/Prepa/TIPE/data/MASATI-v2/ship/s0190.png,0"
"D:/Documents/Prepa/TIPE/data/MASATI-v2/ship/s0191.png,0"
"D:/Documents/Prepa/TIPE/data/MASATI-v2/ship/s0192.png,0"
"D:/Documents/Prepa/TIPE/data/MASATI-v2/ship/s0193.png,0"
"D:/Documents/Prepa/TIPE/data/MASATI-v2/ship/s0194.png,0"
"D:/Documents/Prepa/TIPE/data/MASATI-v2/ship/s0195.png,0"
"D:/Documents/Prepa/TIPE/data/MASATI-v2/ship/s0196.png,0"
"D:/Documents/Prepa/TIPE/data/MASATI-v2/ship/s0197.png,0"
"D:/Documents/Prepa/TIPE/data/MASATI-v2/ship/s0198.png,0"
"D:/Documents/Prepa/TIPE/data/MASATI-v2/ship/s0199.png,0"
"D:/Documents/Prepa/TIPE/data/MASATI-v2/ship/s0200.png,0"
"D:/Documents/Prepa/TIPE/data/MASATI-v2/ship/s0201.png,0"
"D:/Documents/Prepa/TIPE/data/MASATI-v2/ship/s0202.png,0"
"D:/Documents/Prepa/TIPE/data/MASATI-v2/ship/s0203.png,0"
"D:/Documents/Prepa/TIPE/data/MASATI-v2/ship/s0204.png,0"
"D:/Documents/Prepa/TIPE/data/MASATI-v2/ship/s0205.png,0"
"D:/Documents/Prepa/TIPE/data/MASATI-v2/ship/s0206.png,0"
"D:/Documents/Prepa/TIPE/data/MASATI-v2/ship/s0207.png,0"
"D:/Documents/Prepa/TIPE/data/MASATI-v2/ship/s0208.png,0"
"D:/Documents/Prepa/TIPE/data/MASATI-v2/ship/s0209.png,0"
"D:/Documents/Prepa/TIPE/data/MASATI-v2/ship/s0210.png,0"
"D:/Documents/Prepa/TIPE/data/MASATI-v2/ship/s0211.png,0"
"D:/Documents/Prepa/TIPE/data/MASATI-v2/ship/s0212.png,0"
"D:/Documents/Prepa/TIPE/data/MASATI-v2/ship/s0213.png,0"
"D:/Documents/Prepa/TIPE/data/MASATI-v2/ship/s0214.png,0"
"D:/Documents/Prepa/TIPE/data/MASATI-v2/ship/s0215.png,0"
"D:/Documents/Prepa/TIPE/data/MASATI-v2/ship/s0216.png,0"
"D:/Documents/Prepa/TIPE/data/MASATI-v2/ship/s0217.png,0"
"D:/Documents/Prepa/TIPE/data/MASATI-v2/ship/s0218.png,0"
"D:/Documents/Prepa/TIPE/data/MASATI-v2/ship/s0219.png,0"
"D:/Documents/Prepa/TIPE/data/MASATI-v2/ship/s0220.png,0"
"D:/Documents/Prepa/TIPE/data/MASATI-v2/ship/s0221.png,0"
"D:/Documents/Prepa/TIPE/data/MASATI-v2/ship/s0222.png,0"
"D:/Documents/Prepa/TIPE/data/MASATI-v2/ship/s0223.png,0"
"D:/Documents/Prepa/TIPE/data/MASATI-v2/ship/s0224.png,0"
"D:/Documents/Prepa/TIPE/data/MASATI-v2/ship/s0225.png,0"
"D:/Documents/Prepa/TIPE/data/MASATI-v2/ship/s0226.png,0"
"D:/Documents/Prepa/TIPE/data/MASATI-v2/ship/s0227.png,0"
"D:/Documents/Prepa/TIPE/data/MASATI-v2/ship/s0228.png,0"
"D:/Documents/Prepa/TIPE/data/MASATI-v2/ship/s0229.png,0"
"D:/Documents/Prepa/TIPE/data/MASATI-v2/ship/s0230.png,0"
"D:/Documents/Prepa/TIPE/data/MASATI-v2/ship/s0231.png,0"
"D:/Documents/Prepa/TIPE/data/MASATI-v2/ship/s0232.png,0"
"D:/Documents/Prepa/TIPE/data/MASATI-v2/ship/s0233.png,0"
"D:/Documents/Prepa/TIPE/data/MASATI-v2/ship/s0234.png,0"
"D:/Documents/Prepa/TIPE/data/MASATI-v2/ship/s0235.png,0"
"D:/Documents/Prepa/TIPE/data/MASATI-v2/ship/s0236.png,0"
"D:/Documents/Prepa/TIPE/data/MASATI-v2/ship/s0237.png,0"
"D:/Documents/Prepa/TIPE/data/MASATI-v2/ship/s0238.png,0"
"D:/Documents/Prepa/TIPE/data/MASATI-v2/ship/s0239.png,0"
"D:/Documents/Prepa/TIPE/data/MASATI-v2/ship/s0240.png,0"
"D:/Documents/Prepa/TIPE/data/MASATI-v2/ship/s0241.png,0"
"D:/Documents/Prepa/TIPE/data/MASATI-v2/ship/s0242.png,0"
"D:/Documents/Prepa/TIPE/data/MASATI-v2/ship/s0243.png,0"
"D:/Documents/Prepa/TIPE/data/MASATI-v2/ship/s0244.png,0"
"D:/Documents/Prepa/TIPE/data/MASATI-v2/ship/s0245.png,0"
"D:/Documents/Prepa/TIPE/data/MASATI-v2/ship/s0246.png,0"
"D:/Documents/Prepa/TIPE/data/MASATI-v2/ship/s0247.png,0"
"D:/Documents/Prepa/TIPE/data/MASATI-v2/ship/s0248.png,0"
"D:/Documents/Prepa/TIPE/data/MASATI-v2/ship/s0249.png,0"
"D:/Documents/Prepa/TIPE/data/MASATI-v2/ship/s0250.png,0"
"D:/Documents/Prepa/TIPE/data/MASATI-v2/ship/s0251.png,0"
"D:/Documents/Prepa/TIPE/data/MASATI-v2/ship/s0252.png,0"
"D:/Documents/Prepa/TIPE/data/MASATI-v2/ship/s0253.png,0"
"D:/Documents/Prepa/TIPE/data/MASATI-v2/ship/s0254.png,0"
"D:/Documents/Prepa/TIPE/data/MASATI-v2/ship/s0255.png,0"
"D:/Documents/Prepa/TIPE/data/MASATI-v2/ship/s0256.png,0"
"D:/Documents/Prepa/TIPE/data/MASATI-v2/ship/s0257.png,0"
"D:/Documents/Prepa/TIPE/data/MASATI-v2/ship/s0258.png,0"
"D:/Documents/Prepa/TIPE/data/MASATI-v2/ship/s0259.png,0"
"D:/Documents/Prepa/TIPE/data/MASATI-v2/ship/s0260.png,0"
"D:/Documents/Prepa/TIPE/data/MASATI-v2/ship/s0261.png,0"
"D:/Documents/Prepa/TIPE/data/MASATI-v2/ship/s0262.png,0"
"D:/Documents/Prepa/TIPE/data/MASATI-v2/ship/s0263.png,0"
"D:/Documents/Prepa/TIPE/data/MASATI-v2/ship/s0264.png,0"
"D:/Documents/Prepa/TIPE/data/MASATI-v2/ship/s0265.png,0"
"D:/Documents/Prepa/TIPE/data/MASATI-v2/ship/s0266.png,0"
"D:/Documents/Prepa/TIPE/data/MASATI-v2/ship/s0267.png,0"
"D:/Documents/Prepa/TIPE/data/MASATI-v2/ship/s0268.png,0"
"D:/Documents/Prepa/TIPE/data/MASATI-v2/ship/s0269.png,0"
"D:/Documents/Prepa/TIPE/data/MASATI-v2/ship/s0270.png,0"
"D:/Documents/Prepa/TIPE/data/MASATI-v2/ship/s0271.png,0"
"D:/Documents/Prepa/TIPE/data/MASATI-v2/ship/s0272.png,0"
"D:/Documents/Prepa/TIPE/data/MASATI-v2/ship/s0273.png,0"
"D:/Documents/Prepa/TIPE/data/MASATI-v2/ship/s0274.png,0"
"D:/Documents/Prepa/TIPE/data/MASATI-v2/ship/s0275.png,0"
"D:/Documents/Prepa/TIPE/data/MASATI-v2/ship/s0276.png,0"
"D:/Documents/Prepa/TIPE/data/MASATI-v2/ship/s0277.png,0"
"D:/Documents/Prepa/TIPE/data/MASATI-v2/ship/s0278.png,0"
"D:/Documents/Prepa/TIPE/data/MASATI-v2/ship/s0279.png,0"
"D:/Documents/Prepa/TIPE/data/MASATI-v2/ship/s0280.png,0"
"D:/Documents/Prepa/TIPE/data/MASATI-v2/ship/s0281.png,0"
"D:/Documents/Prepa/TIPE/data/MASATI-v2/ship/s0282.png,0"
"D:/Documents/Prepa/TIPE/data/MASATI-v2/ship/s0283.png,0"
"D:/Documents/Prepa/TIPE/data/MASATI-v2/ship/s0284.png,0"
"D:/Documents/Prepa/TIPE/data/MASATI-v2/ship/s0285.png,0"
"D:/Documents/Prepa/TIPE/data/MASATI-v2/ship/s0286.png,0"
"D:/Documents/Prepa/TIPE/data/MASATI-v2/ship/s0287.png,0"
"D:/Documents/Prepa/TIPE/data/MASATI-v2/ship/s0288.png,0"
"D:/Documents/Prepa/TIPE/data/MASATI-v2/ship/s0289.png,0"
"D:/Documents/Prepa/TIPE/data/MASATI-v2/ship/s0290.png,0"
"D:/Documents/Prepa/TIPE/data/MASATI-v2/ship/s0291.png,0"
"D:/Documents/Prepa/TIPE/data/MASATI-v2/ship/s0292.png,0"
"D:/Documents/Prepa/TIPE/data/MASATI-v2/ship/s0293.png,0"
"D:/Documents/Prepa/TIPE/data/MASATI-v2/ship/s0294.png,0"
"D:/Documents/Prepa/TIPE/data/MASATI-v2/ship/s0295.png,0"
"D:/Documents/Prepa/TIPE/data/MASATI-v2/ship/s0296.png,0"
"D:/Documents/Prepa/TIPE/data/MASATI-v2/ship/s0297.png,0"
"D:/Documents/Prepa/TIPE/data/MASATI-v2/ship/s0298.png,0"
"D:/Documents/Prepa/TIPE/data/MASATI-v2/ship/s0299.png,0"
"D:/Documents/Prepa/TIPE/data/MASATI-v2/ship/s0300.png,0"
"D:/Documents/Prepa/TIPE/data/MASATI-v2/ship/s0301.png,0"
"D:/Documents/Prepa/TIPE/data/MASATI-v2/ship/s0302.png,0"
"D:/Documents/Prepa/TIPE/data/MASATI-v2/ship/s0303.png,0"
"D:/Documents/Prepa/TIPE/data/MASATI-v2/ship/s0304.png,0"
"D:/Documents/Prepa/TIPE/data/MASATI-v2/ship/s0305.png,0"
"D:/Documents/Prepa/TIPE/data/MASATI-v2/ship/s0306.png,0"
"D:/Documents/Prepa/TIPE/data/MASATI-v2/ship/s0307.png,0"
"D:/Documents/Prepa/TIPE/data/MASATI-v2/ship/s0308.png,0"
"D:/Documents/Prepa/TIPE/data/MASATI-v2/ship/s0309.png,0"
"D:/Documents/Prepa/TIPE/data/MASATI-v2/ship/s0310.png,0"
"D:/Documents/Prepa/TIPE/data/MASATI-v2/ship/s0311.png,0"
"D:/Documents/Prepa/TIPE/data/MASATI-v2/ship/s0312.png,0"
"D:/Documents/Prepa/TIPE/data/MASATI-v2/ship/s0313.png,0"
"D:/Documents/Prepa/TIPE/data/MASATI-v2/ship/s0314.png,0"
"D:/Documents/Prepa/TIPE/data/MASATI-v2/ship/s0315.png,0"
"D:/Documents/Prepa/TIPE/data/MASATI-v2/ship/s0316.png,0"
"D:/Documents/Prepa/TIPE/data/MASATI-v2/ship/s0317.png,0"
"D:/Documents/Prepa/TIPE/data/MASATI-v2/ship/s0318.png,0"
"D:/Documents/Prepa/TIPE/data/MASATI-v2/ship/s0319.png,0"
"D:/Documents/Prepa/TIPE/data/MASATI-v2/ship/s0320.png,0"
"D:/Documents/Prepa/TIPE/data/MASATI-v2/ship/s0321.png,0"
"D:/Documents/Prepa/TIPE/data/MASATI-v2/ship/s0322.png,0"
"D:/Documents/Prepa/TIPE/data/MASATI-v2/ship/s0323.png,0"
"D:/Documents/Prepa/TIPE/data/MASATI-v2/ship/s0324.png,0"
"D:/Documents/Prepa/TIPE/data/MASATI-v2/ship/s0325.png,0"
"D:/Documents/Prepa/TIPE/data/MASATI-v2/ship/s0326.png,0"
"D:/Documents/Prepa/TIPE/data/MASATI-v2/ship/s0327.png,0"
"D:/Documents/Prepa/TIPE/data/MASATI-v2/ship/s0328.png,0"
"D:/Documents/Prepa/TIPE/data/MASATI-v2/ship/s0329.png,0"
"D:/Documents/Prepa/TIPE/data/MASATI-v2/ship/s0330.png,0"
"D:/Documents/Prepa/TIPE/data/MASATI-v2/ship/s0331.png,0"
"D:/Documents/Prepa/TIPE/data/MASATI-v2/ship/s0332.png,0"
"D:/Documents/Prepa/TIPE/data/MASATI-v2/ship/s0333.png,0"
"D:/Documents/Prepa/TIPE/data/MASATI-v2/ship/s0334.png,0"
"D:/Documents/Prepa/TIPE/data/MASATI-v2/ship/s0335.png,0"
"D:/Documents/Prepa/TIPE/data/MASATI-v2/ship/s0336.png,0"
"D:/Documents/Prepa/TIPE/data/MASATI-v2/ship/s0337.png,0"
"D:/Documents/Prepa/TIPE/data/MASATI-v2/ship/s0338.png,0"
"D:/Documents/Prepa/TIPE/data/MASATI-v2/ship/s0339.png,0"
"D:/Documents/Prepa/TIPE/data/MASATI-v2/ship/s0340.png,0"
"D:/Documents/Prepa/TIPE/data/MASATI-v2/ship/s0341.png,0"
"D:/Documents/Prepa/TIPE/data/MASATI-v2/ship/s0342.png,0"
"D:/Documents/Prepa/TIPE/data/MASATI-v2/ship/s0343.png,0"
"D:/Documents/Prepa/TIPE/data/MASATI-v2/ship/s0344.png,0"
"D:/Documents/Prepa/TIPE/data/MASATI-v2/ship/s0345.png,0"
"D:/Documents/Prepa/TIPE/data/MASATI-v2/ship/s0346.png,0"
"D:/Documents/Prepa/TIPE/data/MASATI-v2/ship/s0347.png,0"
"D:/Documents/Prepa/TIPE/data/MASATI-v2/ship/s0348.png,0"
"D:/Documents/Prepa/TIPE/data/MASATI-v2/ship/s0349.png,0"
"D:/Documents/Prepa/TIPE/data/MASATI-v2/ship/s0350.png,0"
"D:/Documents/Prepa/TIPE/data/MASATI-v2/ship/s0351.png,0"
"D:/Documents/Prepa/TIPE/data/MASATI-v2/ship/s0352.png,0"
"D:/Documents/Prepa/TIPE/data/MASATI-v2/ship/s0353.png,0"
"D:/Documents/Prepa/TIPE/data/MASATI-v2/ship/s0354.png,0"
"D:/Documents/Prepa/TIPE/data/MASATI-v2/ship/s0355.png,0"
"D:/Documents/Prepa/TIPE/data/MASATI-v2/ship/s0356.png,0"
"D:/Documents/Prepa/TIPE/data/MASATI-v2/ship/s0357.png,0"
"D:/Documents/Prepa/TIPE/data/MASATI-v2/ship/s0358.png,0"
"D:/Documents/Prepa/TIPE/data/MASATI-v2/ship/s0359.png,0"
"D:/Documents/Prepa/TIPE/data/MASATI-v2/ship/s0360.png,0"
"D:/Documents/Prepa/TIPE/data/MASATI-v2/ship/s0361.png,0"
"D:/Documents/Prepa/TIPE/data/MASATI-v2/ship/s0362.png,0"
"D:/Documents/Prepa/TIPE/data/MASATI-v2/ship/s0363.png,0"
"D:/Documents/Prepa/TIPE/data/MASATI-v2/ship/s0364.png,0"
"D:/Documents/Prepa/TIPE/data/MASATI-v2/ship/s0365.png,0"
"D:/Documents/Prepa/TIPE/data/MASATI-v2/ship/s0366.png,0"
"D:/Documents/Prepa/TIPE/data/MASATI-v2/ship/s0367.png,0"
"D:/Documents/Prepa/TIPE/data/MASATI-v2/ship/s0368.png,0"
"D:/Documents/Prepa/TIPE/data/MASATI-v2/ship/s0369.png,0"
"D:/Documents/Prepa/TIPE/data/MASATI-v2/ship/s0370.png,0"
"D:/Documents/Prepa/TIPE/data/MASATI-v2/ship/s0371.png,0"
"D:/Documents/Prepa/TIPE/data/MASATI-v2/ship/s0372.png,0"
"D:/Documents/Prepa/TIPE/data/MASATI-v2/ship/s0373.png,0"
"D:/Documents/Prepa/TIPE/data/MASATI-v2/ship/s0374.png,0"
"D:/Documents/Prepa/TIPE/data/MASATI-v2/ship/s0375.png,0"
"D:/Documents/Prepa/TIPE/data/MASATI-v2/ship/s0376.png,0"
"D:/Documents/Prepa/TIPE/data/MASATI-v2/ship/s0377.png,0"
"D:/Documents/Prepa/TIPE/data/MASATI-v2/ship/s0378.png,0"
"D:/Documents/Prepa/TIPE/data/MASATI-v2/ship/s0379.png,0"
"D:/Documents/Prepa/TIPE/data/MASATI-v2/ship/s0380.png,0"
"D:/Documents/Prepa/TIPE/data/MASATI-v2/ship/s0381.png,0"
"D:/Documents/Prepa/TIPE/data/MASATI-v2/ship/s0382.png,0"
"D:/Documents/Prepa/TIPE/data/MASATI-v2/ship/s0383.png,0"
"D:/Documents/Prepa/TIPE/data/MASATI-v2/ship/s0384.png,0"
"D:/Documents/Prepa/TIPE/data/MASATI-v2/ship/s0385.png,0"
"D:/Documents/Prepa/TIPE/data/MASATI-v2/ship/s0386.png,0"
"D:/Documents/Prepa/TIPE/data/MASATI-v2/ship/s0387.png,0"
"D:/Documents/Prepa/TIPE/data/MASATI-v2/ship/s0388.png,0"
"D:/Documents/Prepa/TIPE/data/MASATI-v2/ship/s0389.png,0"
"D:/Documents/Prepa/TIPE/data/MASATI-v2/ship/s0390.png,0"
"D:/Documents/Prepa/TIPE/data/MASATI-v2/ship/s0391.png,0"
"D:/Documents/Prepa/TIPE/data/MASATI-v2/ship/s0392.png,0"
"D:/Documents/Prepa/TIPE/data/MASATI-v2/ship/s0393.png,0"
"D:/Documents/Prepa/TIPE/data/MASATI-v2/ship/s0394.png,0"
"D:/Documents/Prepa/TIPE/data/MASATI-v2/ship/s0395.png,0"
"D:/Documents/Prepa/TIPE/data/MASATI-v2/ship/s0396.png,0"
"D:/Documents/Prepa/TIPE/data/MASATI-v2/ship/s0397.png,0"
"D:/Documents/Prepa/TIPE/data/MASATI-v2/ship/s0398.png,0"
"D:/Documents/Prepa/TIPE/data/MASATI-v2/ship/s0399.png,0"
"D:/Documents/Prepa/TIPE/data/MASATI-v2/ship/s0400.png,0"
"D:/Documents/Prepa/TIPE/data/MASATI-v2/ship/s0401.png,0"
"D:/Documents/Prepa/TIPE/data/MASATI-v2/ship/s0402.png,0"
"D:/Documents/Prepa/TIPE/data/MASATI-v2/ship/s0403.png,0"
"D:/Documents/Prepa/TIPE/data/MASATI-v2/ship/s0404.png,0"
"D:/Documents/Prepa/TIPE/data/MASATI-v2/ship/s0405.png,0"
"D:/Documents/Prepa/TIPE/data/MASATI-v2/ship/s0406.png,0"
"D:/Documents/Prepa/TIPE/data/MASATI-v2/ship/s0407.png,0"
"D:/Documents/Prepa/TIPE/data/MASATI-v2/ship/s0408.png,0"
"D:/Documents/Prepa/TIPE/data/MASATI-v2/ship/s0409.png,0"
"D:/Documents/Prepa/TIPE/data/MASATI-v2/ship/s0410.png,0"
"D:/Documents/Prepa/TIPE/data/MASATI-v2/ship/s0411.png,0"
"D:/Documents/Prepa/TIPE/data/MASATI-v2/ship/s0412.png,0"
"D:/Documents/Prepa/TIPE/data/MASATI-v2/ship/s0413.png,0"
"D:/Documents/Prepa/TIPE/data/MASATI-v2/ship/s0414.png,0"
"D:/Documents/Prepa/TIPE/data/MASATI-v2/ship/s0415.png,0"
"D:/Documents/Prepa/TIPE/data/MASATI-v2/ship/s0416.png,0"
"D:/Documents/Prepa/TIPE/data/MASATI-v2/ship/s0417.png,0"
"D:/Documents/Prepa/TIPE/data/MASATI-v2/ship/s0418.png,0"
"D:/Documents/Prepa/TIPE/data/MASATI-v2/ship/s0419.png,0"
"D:/Documents/Prepa/TIPE/data/MASATI-v2/ship/s0420.png,0"
"D:/Documents/Prepa/TIPE/data/MASATI-v2/ship/s0421.png,0"
"D:/Documents/Prepa/TIPE/data/MASATI-v2/ship/s0422.png,0"
"D:/Documents/Prepa/TIPE/data/MASATI-v2/ship/s0423.png,0"
"D:/Documents/Prepa/TIPE/data/MASATI-v2/ship/s0424.png,0"
"D:/Documents/Prepa/TIPE/data/MASATI-v2/ship/s0425.png,0"
"D:/Documents/Prepa/TIPE/data/MASATI-v2/ship/s0426.png,0"
"D:/Documents/Prepa/TIPE/data/MASATI-v2/ship/s0427.png,0"
"D:/Documents/Prepa/TIPE/data/MASATI-v2/ship/s0428.png,0"
"D:/Documents/Prepa/TIPE/data/MASATI-v2/ship/s0429.png,0"
"D:/Documents/Prepa/TIPE/data/MASATI-v2/ship/s0430.png,0"
"D:/Documents/Prepa/TIPE/data/MASATI-v2/ship/s0431.png,0"
"D:/Documents/Prepa/TIPE/data/MASATI-v2/ship/s0432.png,0"
"D:/Documents/Prepa/TIPE/data/MASATI-v2/ship/s0433.png,0"
"D:/Documents/Prepa/TIPE/data/MASATI-v2/ship/s0434.png,0"
"D:/Documents/Prepa/TIPE/data/MASATI-v2/ship/s0435.png,0"
"D:/Documents/Prepa/TIPE/data/MASATI-v2/ship/s0436.png,0"
"D:/Documents/Prepa/TIPE/data/MASATI-v2/ship/s0437.png,0"
"D:/Documents/Prepa/TIPE/data/MASATI-v2/ship/s0438.png,0"
"D:/Documents/Prepa/TIPE/data/MASATI-v2/ship/s0439.png,0"
"D:/Documents/Prepa/TIPE/data/MASATI-v2/ship/s0440.png,0"
"D:/Documents/Prepa/TIPE/data/MASATI-v2/ship/s0441.png,0"
"D:/Documents/Prepa/TIPE/data/MASATI-v2/ship/s0442.png,0"
"D:/Documents/Prepa/TIPE/data/MASATI-v2/ship/s0443.png,0"
"D:/Documents/Prepa/TIPE/data/MASATI-v2/ship/s0444.png,0"
"D:/Documents/Prepa/TIPE/data/MASATI-v2/ship/s0445.png,0"
"D:/Documents/Prepa/TIPE/data/MASATI-v2/ship/s0446.png,0"
"D:/Documents/Prepa/TIPE/data/MASATI-v2/ship/s0447.png,0"
"D:/Documents/Prepa/TIPE/data/MASATI-v2/ship/s0448.png,0"
"D:/Documents/Prepa/TIPE/data/MASATI-v2/ship/s0449.png,0"
"D:/Documents/Prepa/TIPE/data/MASATI-v2/ship/s0450.png,0"
"D:/Documents/Prepa/TIPE/data/MASATI-v2/ship/s0451.png,0"
"D:/Documents/Prepa/TIPE/data/MASATI-v2/ship/s0452.png,0"
"D:/Documents/Prepa/TIPE/data/MASATI-v2/ship/s0453.png,0"
"D:/Documents/Prepa/TIPE/data/MASATI-v2/ship/s0454.png,0"
"D:/Documents/Prepa/TIPE/data/MASATI-v2/ship/s0455.png,0"
"D:/Documents/Prepa/TIPE/data/MASATI-v2/ship/s0456.png,0"
"D:/Documents/Prepa/TIPE/data/MASATI-v2/ship/s0457.png,0"
"D:/Documents/Prepa/TIPE/data/MASATI-v2/ship/s0458.png,0"
"D:/Documents/Prepa/TIPE/data/MASATI-v2/ship/s0459.png,0"
"D:/Documents/Prepa/TIPE/data/MASATI-v2/ship/s0460.png,0"
"D:/Documents/Prepa/TIPE/data/MASATI-v2/ship/s0461.png,0"
"D:/Documents/Prepa/TIPE/data/MASATI-v2/ship/s0462.png,0"
"D:/Documents/Prepa/TIPE/data/MASATI-v2/ship/s0463.png,0"
"D:/Documents/Prepa/TIPE/data/MASATI-v2/ship/s0464.png,0"
"D:/Documents/Prepa/TIPE/data/MASATI-v2/ship/s0465.png,0"
"D:/Documents/Prepa/TIPE/data/MASATI-v2/ship/s0466.png,0"
"D:/Documents/Prepa/TIPE/data/MASATI-v2/ship/s0467.png,0"
"D:/Documents/Prepa/TIPE/data/MASATI-v2/ship/s0468.png,0"
"D:/Documents/Prepa/TIPE/data/MASATI-v2/ship/s0469.png,0"
"D:/Documents/Prepa/TIPE/data/MASATI-v2/ship/s0470.png,0"
"D:/Documents/Prepa/TIPE/data/MASATI-v2/ship/s0471.png,0"
"D:/Documents/Prepa/TIPE/data/MASATI-v2/ship/s0472.png,0"
"D:/Documents/Prepa/TIPE/data/MASATI-v2/ship/s0473.png,0"
"D:/Documents/Prepa/TIPE/data/MASATI-v2/ship/s0474.png,0"
"D:/Documents/Prepa/TIPE/data/MASATI-v2/ship/s0475.png,0"
"D:/Documents/Prepa/TIPE/data/MASATI-v2/ship/s0476.png,0"
"D:/Documents/Prepa/TIPE/data/MASATI-v2/ship/s0477.png,0"
"D:/Documents/Prepa/TIPE/data/MASATI-v2/ship/s0478.png,0"
"D:/Documents/Prepa/TIPE/data/MASATI-v2/ship/s0479.png,0"
"D:/Documents/Prepa/TIPE/data/MASATI-v2/ship/s0480.png,0"
"D:/Documents/Prepa/TIPE/data/MASATI-v2/ship/s0481.png,0"
"D:/Documents/Prepa/TIPE/data/MASATI-v2/ship/s0482.png,0"
"D:/Documents/Prepa/TIPE/data/MASATI-v2/ship/s0483.png,0"
"D:/Documents/Prepa/TIPE/data/MASATI-v2/ship/s0484.png,0"
"D:/Documents/Prepa/TIPE/data/MASATI-v2/ship/s0485.png,0"
"D:/Documents/Prepa/TIPE/data/MASATI-v2/ship/s0486.png,0"
"D:/Documents/Prepa/TIPE/data/MASATI-v2/ship/s0487.png,0"
"D:/Documents/Prepa/TIPE/data/MASATI-v2/ship/s0488.png,0"
"D:/Documents/Prepa/TIPE/data/MASATI-v2/ship/s0489.png,0"
"D:/Documents/Prepa/TIPE/data/MASATI-v2/ship/s0490.png,0"
"D:/Documents/Prepa/TIPE/data/MASATI-v2/ship/s0491.png,0"
"D:/Documents/Prepa/TIPE/data/MASATI-v2/ship/s0492.png,0"
"D:/Documents/Prepa/TIPE/data/MASATI-v2/ship/s0493.png,0"
"D:/Documents/Prepa/TIPE/data/MASATI-v2/ship/s0494.png,0"
"D:/Documents/Prepa/TIPE/data/MASATI-v2/ship/s0495.png,0"
"D:/Documents/Prepa/TIPE/data/MASATI-v2/ship/s0496.png,0"
"D:/Documents/Prepa/TIPE/data/MASATI-v2/ship/s0497.png,0"
"D:/Documents/Prepa/TIPE/data/MASATI-v2/ship/s0498.png,0"
"D:/Documents/Prepa/TIPE/data/MASATI-v2/ship/s0499.png,0"
"D:/Documents/Prepa/TIPE/data/MASATI-v2/ship/s0500.png,0"
"D:/Documents/Prepa/TIPE/data/MASATI-v2/water/w0001.png,1"
"D:/Documents/Prepa/TIPE/data/MASATI-v2/water/w0002.png,1"
"D:/Documents/Prepa/TIPE/data/MASATI-v2/water/w0003.png,1"
"D:/Documents/Prepa/TIPE/data/MASATI-v2/water/w0004.png,1"
"D:/Documents/Prepa/TIPE/data/MASATI-v2/water/w0005.png,1"
"D:/Documents/Prepa/TIPE/data/MASATI-v2/water/w0006.png,1"
"D:/Documents/Prepa/TIPE/data/MASATI-v2/water/w0007.png,1"
"D:/Documents/Prepa/TIPE/data/MASATI-v2/water/w0008.png,1"
"D:/Documents/Prepa/TIPE/data/MASATI-v2/water/w0009.png,1"
"D:/Documents/Prepa/TIPE/data/MASATI-v2/water/w0010.png,1"
"D:/Documents/Prepa/TIPE/data/MASATI-v2/water/w0011.png,1"
"D:/Documents/Prepa/TIPE/data/MASATI-v2/water/w0012.png,1"
"D:/Documents/Prepa/TIPE/data/MASATI-v2/water/w0013.png,1"
"D:/Documents/Prepa/TIPE/data/MASATI-v2/water/w0014.png,1"
"D:/Documents/Prepa/TIPE/data/MASATI-v2/water/w0015.png,1"
"D:/Documents/Prepa/TIPE/data/MASATI-v2/water/w0016.png,1"
"D:/Documents/Prepa/TIPE/data/MASATI-v2/water/w0017.png,1"
"D:/Documents/Prepa/TIPE/data/MASATI-v2/water/w0018.png,1"
"D:/Documents/Prepa/TIPE/data/MASATI-v2/water/w0019.png,1"
"D:/Documents/Prepa/TIPE/data/MASATI-v2/water/w0020.png,1"
"D:/Documents/Prepa/TIPE/data/MASATI-v2/water/w0021.png,1"
"D:/Documents/Prepa/TIPE/data/MASATI-v2/water/w0022.png,1"
"D:/Documents/Prepa/TIPE/data/MASATI-v2/water/w0023.png,1"
"D:/Documents/Prepa/TIPE/data/MASATI-v2/water/w0024.png,1"
"D:/Documents/Prepa/TIPE/data/MASATI-v2/water/w0025.png,1"
"D:/Documents/Prepa/TIPE/data/MASATI-v2/water/w0026.png,1"
"D:/Documents/Prepa/TIPE/data/MASATI-v2/water/w0027.png,1"
"D:/Documents/Prepa/TIPE/data/MASATI-v2/water/w0028.png,1"
"D:/Documents/Prepa/TIPE/data/MASATI-v2/water/w0029.png,1"
"D:/Documents/Prepa/TIPE/data/MASATI-v2/water/w0030.png,1"
"D:/Documents/Prepa/TIPE/data/MASATI-v2/water/w0031.png,1"
"D:/Documents/Prepa/TIPE/data/MASATI-v2/water/w0032.png,1"
"D:/Documents/Prepa/TIPE/data/MASATI-v2/water/w0033.png,1"
"D:/Documents/Prepa/TIPE/data/MASATI-v2/water/w0034.png,1"
"D:/Documents/Prepa/TIPE/data/MASATI-v2/water/w0035.png,1"
"D:/Documents/Prepa/TIPE/data/MASATI-v2/water/w0036.png,1"
"D:/Documents/Prepa/TIPE/data/MASATI-v2/water/w0037.png,1"
"D:/Documents/Prepa/TIPE/data/MASATI-v2/water/w0038.png,1"
"D:/Documents/Prepa/TIPE/data/MASATI-v2/water/w0039.png,1"
"D:/Documents/Prepa/TIPE/data/MASATI-v2/water/w0040.png,1"
"D:/Documents/Prepa/TIPE/data/MASATI-v2/water/w0041.png,1"
"D:/Documents/Prepa/TIPE/data/MASATI-v2/water/w0042.png,1"
"D:/Documents/Prepa/TIPE/data/MASATI-v2/water/w0043.png,1"
"D:/Documents/Prepa/TIPE/data/MASATI-v2/water/w0044.png,1"
"D:/Documents/Prepa/TIPE/data/MASATI-v2/water/w0045.png,1"
"D:/Documents/Prepa/TIPE/data/MASATI-v2/water/w0046.png,1"
"D:/Documents/Prepa/TIPE/data/MASATI-v2/water/w0047.png,1"
"D:/Documents/Prepa/TIPE/data/MASATI-v2/water/w0048.png,1"
"D:/Documents/Prepa/TIPE/data/MASATI-v2/water/w0049.png,1"
"D:/Documents/Prepa/TIPE/data/MASATI-v2/water/w0050.png,1"
"D:/Documents/Prepa/TIPE/data/MASATI-v2/water/w0051.png,1"
"D:/Documents/Prepa/TIPE/data/MASATI-v2/water/w0052.png,1"
"D:/Documents/Prepa/TIPE/data/MASATI-v2/water/w0053.png,1"
"D:/Documents/Prepa/TIPE/data/MASATI-v2/water/w0054.png,1"
"D:/Documents/Prepa/TIPE/data/MASATI-v2/water/w0055.png,1"
"D:/Documents/Prepa/TIPE/data/MASATI-v2/water/w0056.png,1"
"D:/Documents/Prepa/TIPE/data/MASATI-v2/water/w0057.png,1"
"D:/Documents/Prepa/TIPE/data/MASATI-v2/water/w0058.png,1"
"D:/Documents/Prepa/TIPE/data/MASATI-v2/water/w0059.png,1"
"D:/Documents/Prepa/TIPE/data/MASATI-v2/water/w0060.png,1"
"D:/Documents/Prepa/TIPE/data/MASATI-v2/water/w0061.png,1"
"D:/Documents/Prepa/TIPE/data/MASATI-v2/water/w0062.png,1"
"D:/Documents/Prepa/TIPE/data/MASATI-v2/water/w0063.png,1"
"D:/Documents/Prepa/TIPE/data/MASATI-v2/water/w0064.png,1"
"D:/Documents/Prepa/TIPE/data/MASATI-v2/water/w0065.png,1"
"D:/Documents/Prepa/TIPE/data/MASATI-v2/water/w0066.png,1"
"D:/Documents/Prepa/TIPE/data/MASATI-v2/water/w0067.png,1"
"D:/Documents/Prepa/TIPE/data/MASATI-v2/water/w0068.png,1"
"D:/Documents/Prepa/TIPE/data/MASATI-v2/water/w0069.png,1"
"D:/Documents/Prepa/TIPE/data/MASATI-v2/water/w0070.png,1"
"D:/Documents/Prepa/TIPE/data/MASATI-v2/water/w0071.png,1"
"D:/Documents/Prepa/TIPE/data/MASATI-v2/water/w0072.png,1"
"D:/Documents/Prepa/TIPE/data/MASATI-v2/water/w0073.png,1"
"D:/Documents/Prepa/TIPE/data/MASATI-v2/water/w0074.png,1"
"D:/Documents/Prepa/TIPE/data/MASATI-v2/water/w0075.png,1"
"D:/Documents/Prepa/TIPE/data/MASATI-v2/water/w0076.png,1"
"D:/Documents/Prepa/TIPE/data/MASATI-v2/water/w0077.png,1"
"D:/Documents/Prepa/TIPE/data/MASATI-v2/water/w0078.png,1"
"D:/Documents/Prepa/TIPE/data/MASATI-v2/water/w0079.png,1"
"D:/Documents/Prepa/TIPE/data/MASATI-v2/water/w0080.png,1"
"D:/Documents/Prepa/TIPE/data/MASATI-v2/water/w0081.png,1"
"D:/Documents/Prepa/TIPE/data/MASATI-v2/water/w0082.png,1"
"D:/Documents/Prepa/TIPE/data/MASATI-v2/water/w0083.png,1"
"D:/Documents/Prepa/TIPE/data/MASATI-v2/water/w0084.png,1"
"D:/Documents/Prepa/TIPE/data/MASATI-v2/water/w0085.png,1"
"D:/Documents/Prepa/TIPE/data/MASATI-v2/water/w0086.png,1"
"D:/Documents/Prepa/TIPE/data/MASATI-v2/water/w0087.png,1"
"D:/Documents/Prepa/TIPE/data/MASATI-v2/water/w0088.png,1"
"D:/Documents/Prepa/TIPE/data/MASATI-v2/water/w0089.png,1"
"D:/Documents/Prepa/TIPE/data/MASATI-v2/water/w0090.png,1"
"D:/Documents/Prepa/TIPE/data/MASATI-v2/water/w0091.png,1"
"D:/Documents/Prepa/TIPE/data/MASATI-v2/water/w0092.png,1"
"D:/Documents/Prepa/TIPE/data/MASATI-v2/water/w0093.png,1"
"D:/Documents/Prepa/TIPE/data/MASATI-v2/water/w0094.png,1"
"D:/Documents/Prepa/TIPE/data/MASATI-v2/water/w0095.png,1"
"D:/Documents/Prepa/TIPE/data/MASATI-v2/water/w0096.png,1"
"D:/Documents/Prepa/TIPE/data/MASATI-v2/water/w0097.png,1"
"D:/Documents/Prepa/TIPE/data/MASATI-v2/water/w0098.png,1"
"D:/Documents/Prepa/TIPE/data/MASATI-v2/water/w0099.png,1"
"D:/Documents/Prepa/TIPE/data/MASATI-v2/water/w0100.png,1"
"D:/Documents/Prepa/TIPE/data/MASATI-v2/water/w0101.png,1"
"D:/Documents/Prepa/TIPE/data/MASATI-v2/water/w0102.png,1"
"D:/Documents/Prepa/TIPE/data/MASATI-v2/water/w0103.png,1"
"D:/Documents/Prepa/TIPE/data/MASATI-v2/water/w0104.png,1"
"D:/Documents/Prepa/TIPE/data/MASATI-v2/water/w0105.png,1"
"D:/Documents/Prepa/TIPE/data/MASATI-v2/water/w0106.png,1"
"D:/Documents/Prepa/TIPE/data/MASATI-v2/water/w0107.png,1"
"D:/Documents/Prepa/TIPE/data/MASATI-v2/water/w0108.png,1"
"D:/Documents/Prepa/TIPE/data/MASATI-v2/water/w0109.png,1"
"D:/Documents/Prepa/TIPE/data/MASATI-v2/water/w0110.png,1"
"D:/Documents/Prepa/TIPE/data/MASATI-v2/water/w0111.png,1"
"D:/Documents/Prepa/TIPE/data/MASATI-v2/water/w0112.png,1"
"D:/Documents/Prepa/TIPE/data/MASATI-v2/water/w0113.png,1"
"D:/Documents/Prepa/TIPE/data/MASATI-v2/water/w0114.png,1"
"D:/Documents/Prepa/TIPE/data/MASATI-v2/water/w0115.png,1"
"D:/Documents/Prepa/TIPE/data/MASATI-v2/water/w0116.png,1"
"D:/Documents/Prepa/TIPE/data/MASATI-v2/water/w0117.png,1"
"D:/Documents/Prepa/TIPE/data/MASATI-v2/water/w0118.png,1"
"D:/Documents/Prepa/TIPE/data/MASATI-v2/water/w0119.png,1"
"D:/Documents/Prepa/TIPE/data/MASATI-v2/water/w0120.png,1"
"D:/Documents/Prepa/TIPE/data/MASATI-v2/water/w0121.png,1"
"D:/Documents/Prepa/TIPE/data/MASATI-v2/water/w0122.png,1"
"D:/Documents/Prepa/TIPE/data/MASATI-v2/water/w0123.png,1"
"D:/Documents/Prepa/TIPE/data/MASATI-v2/water/w0124.png,1"
"D:/Documents/Prepa/TIPE/data/MASATI-v2/water/w0125.png,1"
"D:/Documents/Prepa/TIPE/data/MASATI-v2/water/w0126.png,1"
"D:/Documents/Prepa/TIPE/data/MASATI-v2/water/w0127.png,1"
"D:/Documents/Prepa/TIPE/data/MASATI-v2/water/w0128.png,1"
"D:/Documents/Prepa/TIPE/data/MASATI-v2/water/w0129.png,1"
"D:/Documents/Prepa/TIPE/data/MASATI-v2/water/w0130.png,1"
"D:/Documents/Prepa/TIPE/data/MASATI-v2/water/w0131.png,1"
"D:/Documents/Prepa/TIPE/data/MASATI-v2/water/w0132.png,1"
"D:/Documents/Prepa/TIPE/data/MASATI-v2/water/w0133.png,1"
"D:/Documents/Prepa/TIPE/data/MASATI-v2/water/w0134.png,1"
"D:/Documents/Prepa/TIPE/data/MASATI-v2/water/w0135.png,1"
"D:/Documents/Prepa/TIPE/data/MASATI-v2/water/w0136.png,1"
"D:/Documents/Prepa/TIPE/data/MASATI-v2/water/w0137.png,1"
"D:/Documents/Prepa/TIPE/data/MASATI-v2/water/w0138.png,1"
"D:/Documents/Prepa/TIPE/data/MASATI-v2/water/w0139.png,1"
"D:/Documents/Prepa/TIPE/data/MASATI-v2/water/w0140.png,1"
"D:/Documents/Prepa/TIPE/data/MASATI-v2/water/w0141.png,1"
"D:/Documents/Prepa/TIPE/data/MASATI-v2/water/w0142.png,1"
"D:/Documents/Prepa/TIPE/data/MASATI-v2/water/w0143.png,1"
"D:/Documents/Prepa/TIPE/data/MASATI-v2/water/w0144.png,1"
"D:/Documents/Prepa/TIPE/data/MASATI-v2/water/w0145.png,1"
"D:/Documents/Prepa/TIPE/data/MASATI-v2/water/w0146.png,1"
"D:/Documents/Prepa/TIPE/data/MASATI-v2/water/w0147.png,1"
"D:/Documents/Prepa/TIPE/data/MASATI-v2/water/w0148.png,1"
"D:/Documents/Prepa/TIPE/data/MASATI-v2/water/w0149.png,1"
"D:/Documents/Prepa/TIPE/data/MASATI-v2/water/w0150.png,1"
"D:/Documents/Prepa/TIPE/data/MASATI-v2/water/w0151.png,1"
"D:/Documents/Prepa/TIPE/data/MASATI-v2/water/w0152.png,1"
"D:/Documents/Prepa/TIPE/data/MASATI-v2/water/w0153.png,1"
"D:/Documents/Prepa/TIPE/data/MASATI-v2/water/w0154.png,1"
"D:/Documents/Prepa/TIPE/data/MASATI-v2/water/w0155.png,1"
"D:/Documents/Prepa/TIPE/data/MASATI-v2/water/w0156.png,1"
"D:/Documents/Prepa/TIPE/data/MASATI-v2/water/w0157.png,1"
"D:/Documents/Prepa/TIPE/data/MASATI-v2/water/w0158.png,1"
"D:/Documents/Prepa/TIPE/data/MASATI-v2/water/w0159.png,1"
"D:/Documents/Prepa/TIPE/data/MASATI-v2/water/w0160.png,1"
"D:/Documents/Prepa/TIPE/data/MASATI-v2/water/w0161.png,1"
"D:/Documents/Prepa/TIPE/data/MASATI-v2/water/w0162.png,1"
"D:/Documents/Prepa/TIPE/data/MASATI-v2/water/w0163.png,1"
"D:/Documents/Prepa/TIPE/data/MASATI-v2/water/w0164.png,1"
"D:/Documents/Prepa/TIPE/data/MASATI-v2/water/w0165.png,1"
"D:/Documents/Prepa/TIPE/data/MASATI-v2/water/w0166.png,1"
"D:/Documents/Prepa/TIPE/data/MASATI-v2/water/w0167.png,1"
"D:/Documents/Prepa/TIPE/data/MASATI-v2/water/w0168.png,1"
"D:/Documents/Prepa/TIPE/data/MASATI-v2/water/w0169.png,1"
"D:/Documents/Prepa/TIPE/data/MASATI-v2/water/w0170.png,1"
"D:/Documents/Prepa/TIPE/data/MASATI-v2/water/w0171.png,1"
"D:/Documents/Prepa/TIPE/data/MASATI-v2/water/w0172.png,1"
"D:/Documents/Prepa/TIPE/data/MASATI-v2/water/w0173.png,1"
"D:/Documents/Prepa/TIPE/data/MASATI-v2/water/w0174.png,1"
"D:/Documents/Prepa/TIPE/data/MASATI-v2/water/w0175.png,1"
"D:/Documents/Prepa/TIPE/data/MASATI-v2/water/w0176.png,1"
"D:/Documents/Prepa/TIPE/data/MASATI-v2/water/w0177.png,1"
"D:/Documents/Prepa/TIPE/data/MASATI-v2/water/w0178.png,1"
"D:/Documents/Prepa/TIPE/data/MASATI-v2/water/w0179.png,1"
"D:/Documents/Prepa/TIPE/data/MASATI-v2/water/w0180.png,1"
"D:/Documents/Prepa/TIPE/data/MASATI-v2/water/w0181.png,1"
"D:/Documents/Prepa/TIPE/data/MASATI-v2/water/w0182.png,1"
"D:/Documents/Prepa/TIPE/data/MASATI-v2/water/w0183.png,1"
"D:/Documents/Prepa/TIPE/data/MASATI-v2/water/w0184.png,1"
"D:/Documents/Prepa/TIPE/data/MASATI-v2/water/w0185.png,1"
"D:/Documents/Prepa/TIPE/data/MASATI-v2/water/w0186.png,1"
"D:/Documents/Prepa/TIPE/data/MASATI-v2/water/w0187.png,1"
"D:/Documents/Prepa/TIPE/data/MASATI-v2/water/w0188.png,1"
"D:/Documents/Prepa/TIPE/data/MASATI-v2/water/w0189.png,1"
"D:/Documents/Prepa/TIPE/data/MASATI-v2/water/w0190.png,1"
"D:/Documents/Prepa/TIPE/data/MASATI-v2/water/w0191.png,1"
"D:/Documents/Prepa/TIPE/data/MASATI-v2/water/w0192.png,1"
"D:/Documents/Prepa/TIPE/data/MASATI-v2/water/w0193.png,1"
"D:/Documents/Prepa/TIPE/data/MASATI-v2/water/w0194.png,1"
"D:/Documents/Prepa/TIPE/data/MASATI-v2/water/w0195.png,1"
"D:/Documents/Prepa/TIPE/data/MASATI-v2/water/w0196.png,1"
"D:/Documents/Prepa/TIPE/data/MASATI-v2/water/w0197.png,1"
"D:/Documents/Prepa/TIPE/data/MASATI-v2/water/w0198.png,1"
"D:/Documents/Prepa/TIPE/data/MASATI-v2/water/w0199.png,1"
"D:/Documents/Prepa/TIPE/data/MASATI-v2/water/w0200.png,1"
"D:/Documents/Prepa/TIPE/data/MASATI-v2/water/w0201.png,1"
"D:/Documents/Prepa/TIPE/data/MASATI-v2/water/w0202.png,1"
"D:/Documents/Prepa/TIPE/data/MASATI-v2/water/w0203.png,1"
"D:/Documents/Prepa/TIPE/data/MASATI-v2/water/w0204.png,1"
"D:/Documents/Prepa/TIPE/data/MASATI-v2/water/w0205.png,1"
"D:/Documents/Prepa/TIPE/data/MASATI-v2/water/w0206.png,1"
"D:/Documents/Prepa/TIPE/data/MASATI-v2/water/w0207.png,1"
"D:/Documents/Prepa/TIPE/data/MASATI-v2/water/w0208.png,1"
"D:/Documents/Prepa/TIPE/data/MASATI-v2/water/w0209.png,1"
"D:/Documents/Prepa/TIPE/data/MASATI-v2/water/w0210.png,1"
"D:/Documents/Prepa/TIPE/data/MASATI-v2/water/w0211.png,1"
"D:/Documents/Prepa/TIPE/data/MASATI-v2/water/w0212.png,1"
"D:/Documents/Prepa/TIPE/data/MASATI-v2/water/w0213.png,1"
"D:/Documents/Prepa/TIPE/data/MASATI-v2/water/w0214.png,1"
"D:/Documents/Prepa/TIPE/data/MASATI-v2/water/w0215.png,1"
"D:/Documents/Prepa/TIPE/data/MASATI-v2/water/w0216.png,1"
"D:/Documents/Prepa/TIPE/data/MASATI-v2/water/w0217.png,1"
"D:/Documents/Prepa/TIPE/data/MASATI-v2/water/w0218.png,1"
"D:/Documents/Prepa/TIPE/data/MASATI-v2/water/w0219.png,1"
"D:/Documents/Prepa/TIPE/data/MASATI-v2/water/w0220.png,1"
"D:/Documents/Prepa/TIPE/data/MASATI-v2/water/w0221.png,1"
"D:/Documents/Prepa/TIPE/data/MASATI-v2/water/w0222.png,1"
"D:/Documents/Prepa/TIPE/data/MASATI-v2/water/w0223.png,1"
"D:/Documents/Prepa/TIPE/data/MASATI-v2/water/w0224.png,1"
"D:/Documents/Prepa/TIPE/data/MASATI-v2/water/w0225.png,1"
"D:/Documents/Prepa/TIPE/data/MASATI-v2/water/w0226.png,1"
"D:/Documents/Prepa/TIPE/data/MASATI-v2/water/w0227.png,1"
"D:/Documents/Prepa/TIPE/data/MASATI-v2/water/w0228.png,1"
"D:/Documents/Prepa/TIPE/data/MASATI-v2/water/w0229.png,1"
"D:/Documents/Prepa/TIPE/data/MASATI-v2/water/w0230.png,1"
"D:/Documents/Prepa/TIPE/data/MASATI-v2/water/w0231.png,1"
"D:/Documents/Prepa/TIPE/data/MASATI-v2/water/w0232.png,1"
"D:/Documents/Prepa/TIPE/data/MASATI-v2/water/w0233.png,1"
"D:/Documents/Prepa/TIPE/data/MASATI-v2/water/w0234.png,1"
"D:/Documents/Prepa/TIPE/data/MASATI-v2/water/w0235.png,1"
"D:/Documents/Prepa/TIPE/data/MASATI-v2/water/w0236.png,1"
"D:/Documents/Prepa/TIPE/data/MASATI-v2/water/w0237.png,1"
"D:/Documents/Prepa/TIPE/data/MASATI-v2/water/w0238.png,1"
"D:/Documents/Prepa/TIPE/data/MASATI-v2/water/w0239.png,1"
"D:/Documents/Prepa/TIPE/data/MASATI-v2/water/w0240.png,1"
"D:/Documents/Prepa/TIPE/data/MASATI-v2/water/w0241.png,1"
"D:/Documents/Prepa/TIPE/data/MASATI-v2/water/w0242.png,1"
"D:/Documents/Prepa/TIPE/data/MASATI-v2/water/w0243.png,1"
"D:/Documents/Prepa/TIPE/data/MASATI-v2/water/w0244.png,1"
"D:/Documents/Prepa/TIPE/data/MASATI-v2/water/w0245.png,1"
"D:/Documents/Prepa/TIPE/data/MASATI-v2/water/w0246.png,1"
"D:/Documents/Prepa/TIPE/data/MASATI-v2/water/w0247.png,1"
"D:/Documents/Prepa/TIPE/data/MASATI-v2/water/w0248.png,1"
"D:/Documents/Prepa/TIPE/data/MASATI-v2/water/w0249.png,1"
"D:/Documents/Prepa/TIPE/data/MASATI-v2/water/w0250.png,1"
"D:/Documents/Prepa/TIPE/data/MASATI-v2/water/w0251.png,1"
"D:/Documents/Prepa/TIPE/data/MASATI-v2/water/w0252.png,1"
"D:/Documents/Prepa/TIPE/data/MASATI-v2/water/w0253.png,1"
"D:/Documents/Prepa/TIPE/data/MASATI-v2/water/w0254.png,1"
"D:/Documents/Prepa/TIPE/data/MASATI-v2/water/w0255.png,1"
"D:/Documents/Prepa/TIPE/data/MASATI-v2/water/w0256.png,1"
"D:/Documents/Prepa/TIPE/data/MASATI-v2/water/w0257.png,1"
"D:/Documents/Prepa/TIPE/data/MASATI-v2/water/w0258.png,1"
"D:/Documents/Prepa/TIPE/data/MASATI-v2/water/w0259.png,1"
"D:/Documents/Prepa/TIPE/data/MASATI-v2/water/w0260.png,1"
"D:/Documents/Prepa/TIPE/data/MASATI-v2/water/w0261.png,1"
"D:/Documents/Prepa/TIPE/data/MASATI-v2/water/w0262.png,1"
"D:/Documents/Prepa/TIPE/data/MASATI-v2/water/w0263.png,1"
"D:/Documents/Prepa/TIPE/data/MASATI-v2/water/w0264.png,1"
"D:/Documents/Prepa/TIPE/data/MASATI-v2/water/w0265.png,1"
"D:/Documents/Prepa/TIPE/data/MASATI-v2/water/w0266.png,1"
"D:/Documents/Prepa/TIPE/data/MASATI-v2/water/w0267.png,1"
"D:/Documents/Prepa/TIPE/data/MASATI-v2/water/w0268.png,1"
"D:/Documents/Prepa/TIPE/data/MASATI-v2/water/w0269.png,1"
"D:/Documents/Prepa/TIPE/data/MASATI-v2/water/w0270.png,1"
"D:/Documents/Prepa/TIPE/data/MASATI-v2/water/w0271.png,1"
"D:/Documents/Prepa/TIPE/data/MASATI-v2/water/w0272.png,1"
"D:/Documents/Prepa/TIPE/data/MASATI-v2/water/w0273.png,1"
"D:/Documents/Prepa/TIPE/data/MASATI-v2/water/w0274.png,1"
"D:/Documents/Prepa/TIPE/data/MASATI-v2/water/w0275.png,1"
"D:/Documents/Prepa/TIPE/data/MASATI-v2/water/w0276.png,1"
"D:/Documents/Prepa/TIPE/data/MASATI-v2/water/w0277.png,1"
"D:/Documents/Prepa/TIPE/data/MASATI-v2/water/w0278.png,1"
"D:/Documents/Prepa/TIPE/data/MASATI-v2/water/w0279.png,1"
"D:/Documents/Prepa/TIPE/data/MASATI-v2/water/w0280.png,1"
"D:/Documents/Prepa/TIPE/data/MASATI-v2/water/w0281.png,1"
"D:/Documents/Prepa/TIPE/data/MASATI-v2/water/w0282.png,1"
"D:/Documents/Prepa/TIPE/data/MASATI-v2/water/w0283.png,1"
"D:/Documents/Prepa/TIPE/data/MASATI-v2/water/w0284.png,1"
"D:/Documents/Prepa/TIPE/data/MASATI-v2/water/w0285.png,1"
"D:/Documents/Prepa/TIPE/data/MASATI-v2/water/w0286.png,1"
"D:/Documents/Prepa/TIPE/data/MASATI-v2/water/w0287.png,1"
"D:/Documents/Prepa/TIPE/data/MASATI-v2/water/w0288.png,1"
"D:/Documents/Prepa/TIPE/data/MASATI-v2/water/w0289.png,1"
"D:/Documents/Prepa/TIPE/data/MASATI-v2/water/w0290.png,1"
"D:/Documents/Prepa/TIPE/data/MASATI-v2/water/w0291.png,1"
"D:/Documents/Prepa/TIPE/data/MASATI-v2/water/w0292.png,1"
"D:/Documents/Prepa/TIPE/data/MASATI-v2/water/w0293.png,1"
"D:/Documents/Prepa/TIPE/data/MASATI-v2/water/w0294.png,1"
"D:/Documents/Prepa/TIPE/data/MASATI-v2/water/w0295.png,1"
"D:/Documents/Prepa/TIPE/data/MASATI-v2/water/w0296.png,1"
"D:/Documents/Prepa/TIPE/data/MASATI-v2/water/w0297.png,1"
"D:/Documents/Prepa/TIPE/data/MASATI-v2/water/w0298.png,1"
"D:/Documents/Prepa/TIPE/data/MASATI-v2/water/w0299.png,1"
"D:/Documents/Prepa/TIPE/data/MASATI-v2/water/w0300.png,1"
"D:/Documents/Prepa/TIPE/data/MASATI-v2/water/w0301.png,1"
"D:/Documents/Prepa/TIPE/data/MASATI-v2/water/w0302.png,1"
"D:/Documents/Prepa/TIPE/data/MASATI-v2/water/w0303.png,1"
"D:/Documents/Prepa/TIPE/data/MASATI-v2/water/w0304.png,1"
"D:/Documents/Prepa/TIPE/data/MASATI-v2/water/w0305.png,1"
"D:/Documents/Prepa/TIPE/data/MASATI-v2/water/w0306.png,1"
"D:/Documents/Prepa/TIPE/data/MASATI-v2/water/w0307.png,1"
"D:/Documents/Prepa/TIPE/data/MASATI-v2/water/w0308.png,1"
"D:/Documents/Prepa/TIPE/data/MASATI-v2/water/w0309.png,1"
"D:/Documents/Prepa/TIPE/data/MASATI-v2/water/w0310.png,1"
"D:/Documents/Prepa/TIPE/data/MASATI-v2/water/w0311.png,1"
"D:/Documents/Prepa/TIPE/data/MASATI-v2/water/w0312.png,1"
"D:/Documents/Prepa/TIPE/data/MASATI-v2/water/w0313.png,1"
"D:/Documents/Prepa/TIPE/data/MASATI-v2/water/w0314.png,1"
"D:/Documents/Prepa/TIPE/data/MASATI-v2/water/w0315.png,1"
"D:/Documents/Prepa/TIPE/data/MASATI-v2/water/w0316.png,1"
"D:/Documents/Prepa/TIPE/data/MASATI-v2/water/w0317.png,1"
"D:/Documents/Prepa/TIPE/data/MASATI-v2/water/w0318.png,1"
"D:/Documents/Prepa/TIPE/data/MASATI-v2/water/w0319.png,1"
"D:/Documents/Prepa/TIPE/data/MASATI-v2/water/w0320.png,1"
"D:/Documents/Prepa/TIPE/data/MASATI-v2/water/w0321.png,1"
"D:/Documents/Prepa/TIPE/data/MASATI-v2/water/w0322.png,1"
"D:/Documents/Prepa/TIPE/data/MASATI-v2/water/w0323.png,1"
"D:/Documents/Prepa/TIPE/data/MASATI-v2/water/w0324.png,1"
"D:/Documents/Prepa/TIPE/data/MASATI-v2/water/w0325.png,1"
"D:/Documents/Prepa/TIPE/data/MASATI-v2/water/w0326.png,1"
"D:/Documents/Prepa/TIPE/data/MASATI-v2/water/w0327.png,1"
"D:/Documents/Prepa/TIPE/data/MASATI-v2/water/w0328.png,1"
"D:/Documents/Prepa/TIPE/data/MASATI-v2/water/w0329.png,1"
"D:/Documents/Prepa/TIPE/data/MASATI-v2/water/w0330.png,1"
"D:/Documents/Prepa/TIPE/data/MASATI-v2/water/w0331.png,1"
"D:/Documents/Prepa/TIPE/data/MASATI-v2/water/w0332.png,1"
"D:/Documents/Prepa/TIPE/data/MASATI-v2/water/w0333.png,1"
"D:/Documents/Prepa/TIPE/data/MASATI-v2/water/w0334.png,1"
"D:/Documents/Prepa/TIPE/data/MASATI-v2/water/w0335.png,1"
"D:/Documents/Prepa/TIPE/data/MASATI-v2/water/w0336.png,1"
"D:/Documents/Prepa/TIPE/data/MASATI-v2/water/w0337.png,1"
"D:/Documents/Prepa/TIPE/data/MASATI-v2/water/w0338.png,1"
"D:/Documents/Prepa/TIPE/data/MASATI-v2/water/w0339.png,1"
"D:/Documents/Prepa/TIPE/data/MASATI-v2/water/w0340.png,1"
"D:/Documents/Prepa/TIPE/data/MASATI-v2/water/w0341.png,1"
"D:/Documents/Prepa/TIPE/data/MASATI-v2/water/w0342.png,1"
"D:/Documents/Prepa/TIPE/data/MASATI-v2/water/w0343.png,1"
"D:/Documents/Prepa/TIPE/data/MASATI-v2/water/w0344.png,1"
"D:/Documents/Prepa/TIPE/data/MASATI-v2/water/w0345.png,1"
"D:/Documents/Prepa/TIPE/data/MASATI-v2/water/w0346.png,1"
"D:/Documents/Prepa/TIPE/data/MASATI-v2/water/w0347.png,1"
"D:/Documents/Prepa/TIPE/data/MASATI-v2/water/w0348.png,1"
"D:/Documents/Prepa/TIPE/data/MASATI-v2/water/w0349.png,1"
"D:/Documents/Prepa/TIPE/data/MASATI-v2/water/w0350.png,1"
"D:/Documents/Prepa/TIPE/data/MASATI-v2/water/w0351.png,1"
"D:/Documents/Prepa/TIPE/data/MASATI-v2/water/w0352.png,1"
"D:/Documents/Prepa/TIPE/data/MASATI-v2/water/w0353.png,1"
"D:/Documents/Prepa/TIPE/data/MASATI-v2/water/w0354.png,1"
"D:/Documents/Prepa/TIPE/data/MASATI-v2/water/w0355.png,1"
"D:/Documents/Prepa/TIPE/data/MASATI-v2/water/w0356.png,1"
"D:/Documents/Prepa/TIPE/data/MASATI-v2/water/w0357.png,1"
"D:/Documents/Prepa/TIPE/data/MASATI-v2/water/w0358.png,1"
"D:/Documents/Prepa/TIPE/data/MASATI-v2/water/w0359.png,1"
"D:/Documents/Prepa/TIPE/data/MASATI-v2/water/w0360.png,1"
"D:/Documents/Prepa/TIPE/data/MASATI-v2/water/w0361.png,1"
"D:/Documents/Prepa/TIPE/data/MASATI-v2/water/w0362.png,1"
"D:/Documents/Prepa/TIPE/data/MASATI-v2/water/w0363.png,1"
"D:/Documents/Prepa/TIPE/data/MASATI-v2/water/w0364.png,1"
"D:/Documents/Prepa/TIPE/data/MASATI-v2/water/w0365.png,1"
"D:/Documents/Prepa/TIPE/data/MASATI-v2/water/w0366.png,1"
"D:/Documents/Prepa/TIPE/data/MASATI-v2/water/w0367.png,1"
"D:/Documents/Prepa/TIPE/data/MASATI-v2/water/w0368.png,1"
"D:/Documents/Prepa/TIPE/data/MASATI-v2/water/w0369.png,1"
"D:/Documents/Prepa/TIPE/data/MASATI-v2/water/w0370.png,1"
"D:/Documents/Prepa/TIPE/data/MASATI-v2/water/w0371.png,1"
"D:/Documents/Prepa/TIPE/data/MASATI-v2/water/w0372.png,1"
"D:/Documents/Prepa/TIPE/data/MASATI-v2/water/w0373.png,1"
"D:/Documents/Prepa/TIPE/data/MASATI-v2/water/w0374.png,1"
"D:/Documents/Prepa/TIPE/data/MASATI-v2/water/w0375.png,1"
"D:/Documents/Prepa/TIPE/data/MASATI-v2/water/w0376.png,1"
"D:/Documents/Prepa/TIPE/data/MASATI-v2/water/w0377.png,1"
"D:/Documents/Prepa/TIPE/data/MASATI-v2/water/w0378.png,1"
"D:/Documents/Prepa/TIPE/data/MASATI-v2/water/w0379.png,1"
"D:/Documents/Prepa/TIPE/data/MASATI-v2/water/w0380.png,1"
"D:/Documents/Prepa/TIPE/data/MASATI-v2/water/w0381.png,1"
"D:/Documents/Prepa/TIPE/data/MASATI-v2/water/w0382.png,1"
"D:/Documents/Prepa/TIPE/data/MASATI-v2/water/w0383.png,1"
"D:/Documents/Prepa/TIPE/data/MASATI-v2/water/w0384.png,1"
"D:/Documents/Prepa/TIPE/data/MASATI-v2/water/w0385.png,1"
"D:/Documents/Prepa/TIPE/data/MASATI-v2/water/w0386.png,1"
"D:/Documents/Prepa/TIPE/data/MASATI-v2/water/w0387.png,1"
"D:/Documents/Prepa/TIPE/data/MASATI-v2/water/w0388.png,1"
"D:/Documents/Prepa/TIPE/data/MASATI-v2/water/w0389.png,1"
"D:/Documents/Prepa/TIPE/data/MASATI-v2/water/w0390.png,1"
"D:/Documents/Prepa/TIPE/data/MASATI-v2/water/w0391.png,1"
"D:/Documents/Prepa/TIPE/data/MASATI-v2/water/w0392.png,1"
"D:/Documents/Prepa/TIPE/data/MASATI-v2/water/w0393.png,1"
"D:/Documents/Prepa/TIPE/data/MASATI-v2/water/w0394.png,1"
"D:/Documents/Prepa/TIPE/data/MASATI-v2/water/w0395.png,1"
"D:/Documents/Prepa/TIPE/data/MASATI-v2/water/w0396.png,1"
"D:/Documents/Prepa/TIPE/data/MASATI-v2/water/w0397.png,1"
"D:/Documents/Prepa/TIPE/data/MASATI-v2/water/w0398.png,1"
"D:/Documents/Prepa/TIPE/data/MASATI-v2/water/w0399.png,1"
"D:/Documents/Prepa/TIPE/data/MASATI-v2/water/w0400.png,1"
"D:/Documents/Prepa/TIPE/data/MASATI-v2/water/w0401.png,1"
"D:/Documents/Prepa/TIPE/data/MASATI-v2/water/w0402.png,1"
"D:/Documents/Prepa/TIPE/data/MASATI-v2/water/w0403.png,1"
"D:/Documents/Prepa/TIPE/data/MASATI-v2/water/w0404.png,1"
"D:/Documents/Prepa/TIPE/data/MASATI-v2/water/w0405.png,1"
"D:/Documents/Prepa/TIPE/data/MASATI-v2/water/w0406.png,1"
"D:/Documents/Prepa/TIPE/data/MASATI-v2/water/w0407.png,1"
"D:/Documents/Prepa/TIPE/data/MASATI-v2/water/w0408.png,1"
"D:/Documents/Prepa/TIPE/data/MASATI-v2/water/w0409.png,1"
"D:/Documents/Prepa/TIPE/data/MASATI-v2/water/w0410.png,1"
"D:/Documents/Prepa/TIPE/data/MASATI-v2/water/w0411.png,1"
"D:/Documents/Prepa/TIPE/data/MASATI-v2/water/w0412.png,1"
"D:/Documents/Prepa/TIPE/data/MASATI-v2/water/w0413.png,1"
"D:/Documents/Prepa/TIPE/data/MASATI-v2/water/w0414.png,1"
"D:/Documents/Prepa/TIPE/data/MASATI-v2/water/w0415.png,1"
"D:/Documents/Prepa/TIPE/data/MASATI-v2/water/w0416.png,1"
"D:/Documents/Prepa/TIPE/data/MASATI-v2/water/w0417.png,1"
"D:/Documents/Prepa/TIPE/data/MASATI-v2/water/w0418.png,1"
"D:/Documents/Prepa/TIPE/data/MASATI-v2/water/w0419.png,1"
"D:/Documents/Prepa/TIPE/data/MASATI-v2/water/w0420.png,1"
"D:/Documents/Prepa/TIPE/data/MASATI-v2/water/w0421.png,1"
"D:/Documents/Prepa/TIPE/data/MASATI-v2/water/w0422.png,1"
"D:/Documents/Prepa/TIPE/data/MASATI-v2/water/w0423.png,1"
"D:/Documents/Prepa/TIPE/data/MASATI-v2/water/w0424.png,1"
"D:/Documents/Prepa/TIPE/data/MASATI-v2/water/w0425.png,1"
"D:/Documents/Prepa/TIPE/data/MASATI-v2/water/w0426.png,1"
"D:/Documents/Prepa/TIPE/data/MASATI-v2/water/w0427.png,1"
"D:/Documents/Prepa/TIPE/data/MASATI-v2/water/w0428.png,1"
"D:/Documents/Prepa/TIPE/data/MASATI-v2/water/w0429.png,1"
"D:/Documents/Prepa/TIPE/data/MASATI-v2/water/w0430.png,1"
"D:/Documents/Prepa/TIPE/data/MASATI-v2/water/w0431.png,1"
"D:/Documents/Prepa/TIPE/data/MASATI-v2/water/w0432.png,1"
"D:/Documents/Prepa/TIPE/data/MASATI-v2/water/w0433.png,1"
"D:/Documents/Prepa/TIPE/data/MASATI-v2/water/w0434.png,1"
"D:/Documents/Prepa/TIPE/data/MASATI-v2/water/w0435.png,1"
"D:/Documents/Prepa/TIPE/data/MASATI-v2/water/w0436.png,1"
"D:/Documents/Prepa/TIPE/data/MASATI-v2/water/w0437.png,1"
"D:/Documents/Prepa/TIPE/data/MASATI-v2/water/w0438.png,1"
"D:/Documents/Prepa/TIPE/data/MASATI-v2/water/w0439.png,1"
"D:/Documents/Prepa/TIPE/data/MASATI-v2/water/w0440.png,1"
"D:/Documents/Prepa/TIPE/data/MASATI-v2/water/w0441.png,1"
"D:/Documents/Prepa/TIPE/data/MASATI-v2/water/w0442.png,1"
"D:/Documents/Prepa/TIPE/data/MASATI-v2/water/w0443.png,1"
"D:/Documents/Prepa/TIPE/data/MASATI-v2/water/w0444.png,1"
"D:/Documents/Prepa/TIPE/data/MASATI-v2/water/w0445.png,1"
"D:/Documents/Prepa/TIPE/data/MASATI-v2/water/w0446.png,1"
"D:/Documents/Prepa/TIPE/data/MASATI-v2/water/w0447.png,1"
"D:/Documents/Prepa/TIPE/data/MASATI-v2/water/w0448.png,1"
"D:/Documents/Prepa/TIPE/data/MASATI-v2/water/w0449.png,1"
"D:/Documents/Prepa/TIPE/data/MASATI-v2/water/w0450.png,1"
"D:/Documents/Prepa/TIPE/data/MASATI-v2/water/w0451.png,1"
"D:/Documents/Prepa/TIPE/data/MASATI-v2/water/w0452.png,1"
"D:/Documents/Prepa/TIPE/data/MASATI-v2/water/w0453.png,1"
"D:/Documents/Prepa/TIPE/data/MASATI-v2/water/w0454.png,1"
"D:/Documents/Prepa/TIPE/data/MASATI-v2/water/w0455.png,1"
"D:/Documents/Prepa/TIPE/data/MASATI-v2/water/w0456.png,1"
"D:/Documents/Prepa/TIPE/data/MASATI-v2/water/w0457.png,1"
"D:/Documents/Prepa/TIPE/data/MASATI-v2/water/w0458.png,1"
"D:/Documents/Prepa/TIPE/data/MASATI-v2/water/w0459.png,1"
"D:/Documents/Prepa/TIPE/data/MASATI-v2/water/w0460.png,1"
"D:/Documents/Prepa/TIPE/data/MASATI-v2/water/w0461.png,1"
"D:/Documents/Prepa/TIPE/data/MASATI-v2/water/w0462.png,1"
"D:/Documents/Prepa/TIPE/data/MASATI-v2/water/w0463.png,1"
"D:/Documents/Prepa/TIPE/data/MASATI-v2/water/w0464.png,1"
"D:/Documents/Prepa/TIPE/data/MASATI-v2/water/w0465.png,1"
"D:/Documents/Prepa/TIPE/data/MASATI-v2/water/w0466.png,1"
"D:/Documents/Prepa/TIPE/data/MASATI-v2/water/w0467.png,1"
"D:/Documents/Prepa/TIPE/data/MASATI-v2/water/w0468.png,1"
"D:/Documents/Prepa/TIPE/data/MASATI-v2/water/w0469.png,1"
"D:/Documents/Prepa/TIPE/data/MASATI-v2/water/w0470.png,1"
"D:/Documents/Prepa/TIPE/data/MASATI-v2/water/w0471.png,1"
"D:/Documents/Prepa/TIPE/data/MASATI-v2/water/w0472.png,1"
"D:/Documents/Prepa/TIPE/data/MASATI-v2/water/w0473.png,1"
"D:/Documents/Prepa/TIPE/data/MASATI-v2/water/w0474.png,1"
"D:/Documents/Prepa/TIPE/data/MASATI-v2/water/w0475.png,1"
"D:/Documents/Prepa/TIPE/data/MASATI-v2/water/w0476.png,1"
"D:/Documents/Prepa/TIPE/data/MASATI-v2/water/w0477.png,1"
"D:/Documents/Prepa/TIPE/data/MASATI-v2/water/w0478.png,1"
"D:/Documents/Prepa/TIPE/data/MASATI-v2/water/w0479.png,1"
"D:/Documents/Prepa/TIPE/data/MASATI-v2/water/w0480.png,1"
"D:/Documents/Prepa/TIPE/data/MASATI-v2/water/w0481.png,1"
"D:/Documents/Prepa/TIPE/data/MASATI-v2/water/w0482.png,1"
"D:/Documents/Prepa/TIPE/data/MASATI-v2/water/w0483.png,1"
"D:/Documents/Prepa/TIPE/data/MASATI-v2/water/w0484.png,1"
"D:/Documents/Prepa/TIPE/data/MASATI-v2/water/w0485.png,1"
"D:/Documents/Prepa/TIPE/data/MASATI-v2/water/w0486.png,1"
"D:/Documents/Prepa/TIPE/data/MASATI-v2/water/w0487.png,1"
"D:/Documents/Prepa/TIPE/data/MASATI-v2/water/w0488.png,1"
"D:/Documents/Prepa/TIPE/data/MASATI-v2/water/w0489.png,1"
"D:/Documents/Prepa/TIPE/data/MASATI-v2/water/w0490.png,1"
"D:/Documents/Prepa/TIPE/data/MASATI-v2/water/w0491.png,1"
"D:/Documents/Prepa/TIPE/data/MASATI-v2/water/w0492.png,1"
"D:/Documents/Prepa/TIPE/data/MASATI-v2/water/w0493.png,1"
"D:/Documents/Prepa/TIPE/data/MASATI-v2/water/w0494.png,1"
"D:/Documents/Prepa/TIPE/data/MASATI-v2/water/w0495.png,1"
"D:/Documents/Prepa/TIPE/data/MASATI-v2/water/w0496.png,1"
"D:/Documents/Prepa/TIPE/data/MASATI-v2/water/w0497.png,1"
"D:/Documents/Prepa/TIPE/data/MASATI-v2/water/w0498.png,1"
"D:/Documents/Prepa/TIPE/data/MASATI-v2/water/w0499.png,1"
"D:/Documents/Prepa/TIPE/data/MASATI-v2/water/w0500.png,1"
